Link,Title,Location,Salary,Summary
https://kr.indeed.com/viewjob?jk=b79c2ae536063b01,[전문연구요원] 상시,네이버 대한민국,,"Tool Engineer ㅇ Python/C/C++ 언어 개발 용이 ㅇ... Design, Debugging Skills ㅇ스크립트 언어 개발 경험 (Python, Bash, etc.) ㅇ Embedded Platform과..."
https://kr.indeed.com/viewjob?jk=92bd400e3b5306ba,[Search & Clova] Clova AI 인재,네이버 대한민국,,"산시스템 등 CS 핵심 전공 지식 관련한 수준 높은 이해 Git을 능숙하게 사용 백엔드 서버 구현 역량 (Python, Golang, Java Spring, node.js 등) Mobile App 개발 Objective..."
https://kr.indeed.com/viewjob?jk=b4b6ee0fd83b8ce1,[Search & Clova] Clova 체험형 인턴,네이버 대한민국,,"관리 - 코드 최적화 및 리뷰 자격 요건 - 다음과 같은 프로그래밍 언어 사용자 : C/C++, Python, Go, shell scripting - Unix/Linux 시스템 사용 경험 우대 요건 - DevOps..."
https://kr.indeed.com/viewjob?jk=b87ff4aabad6e65e,Process & Data Scientist,Applied Materials Inc. 대한민국,,"systems Experience... least one programming language (Python, R, Java, etc... writing SQL queries Qualifications..."
https://kr.indeed.com/viewjob?jk=c11254033badb5b2,Bioinformatics/Data Analysis 석/박사,LG생활건강 3.8 서울특별시,,"생물 NGS data를 이용한 whole-genome/metagenome 연구 경력자 각종 분석 tool(R, Python, Java, C/C++ 등)을 자유롭게 활용 가능한 자 일본어/중국어/영어 활용능력 Native 또는..."
https://kr.indeed.com/viewjob?jk=55a19c92c845685e,Developer / Designer recruit,마이뮤직테이스트 서울 논현동,,"language (i.e Python, Ruby, Java, .Net... High proficiency in Python... knowledge... least one Python web framework..."
https://kr.indeed.com/viewjob?jk=e2dfb5ede005951f,Python 웹프로그램 엔지니어,이진솔루션 인천 서구,"연봉 24,000,000원 - 26,000,000원",지원자격 경력 신입·경력 학력 - 성별 무관 기타 담당업무 Python 웹프로그램 엔지니어 채용 담당업무 - 웹프로그램 개발/새로운 시스템 연구 개발등 - 근무부서 : 연구소 자격요건 - 경력 : 신입/경력 상세모집요강...
https://kr.indeed.com/viewjob?jk=9e73c6c0c12902dd,[Search & Clova] 네이버 Data Science 데이터 분석...,네이버 대한민국,,"Machine Learning 관련 분야 전문 지식 또는 프로젝트 경험 · R, Python, Jav a 중 하나에 뛰어난 프로그래밍 역량 · Python, Shell Programming 사용 경험 · 해외 출장/ 근무에..."
https://kr.indeed.com/viewjob?jk=ea3daca56d64b287,네이버웹툰 ToonRadar(불법 웹툰 유출자 감시 시스템) 연구 개발자...,네이버 대한민국,,개발 기술 및 지식을 보유하신 분 우대조건 - 문제 해결을 위한 머신러닝 기법을 잘 활용할 줄 아는 분 - Python을 모국어처럼 잘 다루는 분 - 정보/인터넷 보안 기술에 대한 충분한 이해와 지식을 가진 분 ​ 전형 절차...
https://kr.indeed.com/viewjob?jk=3da7d3e61d2dc145,"웹,서버 개발자/기업부설연구소/정규직",에프앤디파트너스 대한민국,"연봉 32,000,000원 - 34,000,000원","따른 연봉협상가능 3. 우대사항 - 컴퓨터공학, 정보통신학과 학위 소지자 - 인근거주자 및 운전가능자 - Python, Node.JS 경험자 - 새로운 기술, 개발언어 습득에 관심이 많은 분 - 장기근무희망자 (정규직 채용건..."
https://kr.indeed.com/viewjob?jk=8becbf73bbda7c96,2019 Military Service Exemption Position...,울산과학기술원 울산 언양읍,,"least one programming language... Fortran, C/C++, Python, …; Experience... managing high performance computational..."
https://kr.indeed.com/viewjob?jk=e65a195da656bcdc,[동영상플랫폼] 연계형 인턴십,네이버 대한민국,,"혹은 이해가 깊으신 분 - ffmpeg, gstreamer 오픈소스 컨트리뷰팅 혹은 활용 유경험자 - python 활용 가능자 ​ LIVE 클라우드 백엔드 서버 개발 [ 역할 ] - V Live, NaverTV 등..."
https://kr.indeed.com/viewjob?jk=ce6747e77c861c46,Data Scientist,Boston Consulting Group 4.2 서울,,"analysis a plus, Programming... scripting exp.: eg. Python, C#, VBA, Java, Perl, etc. Experience in applied analytics..."
https://kr.indeed.com/viewjob?jk=554c2e55cc985488,Data Scientist,Supercell 서울,,innovate and work independently Strong SQL skills and strong Python or R skills; familiarity with Jupyter or RStudio a plus...
https://kr.indeed.com/viewjob?jk=55537575b7dd8d87,Physical Implementation Engineer,SiFive 대한민국,,"optimization Good scripting skills using Tcl, Perl, Python, Makefile and Shell scripts Preferred qualifications Experience..."
https://kr.indeed.com/viewjob?jk=5a3704a451412c98,(상시) 인공지능 플랫폼 전문가,에셋플러스자산운용 대한민국,,"운영관리 -하이브리드 모바일 앱 개발 -ReactJS, NodeJS, Python 개발 경력자 우대 -Linux / My SQL 운영 및 관리 경력자... 운영 및 관리 경력자 우대 -Python / C/C++ / JAVA 등..."
https://kr.indeed.com/viewjob?jk=b6f6a789b6e7a028,"[Search & Clova] Entity Linking, Keyword...",네이버 대한민국,,"와 연결 · 문서 내 중요 키워드 추출 · 검색 키워드 추천 필요 역량 · 리눅스 쉘 프로그래밍 역량 · Python, Java, C 중 하나에 뛰어난 프로그래밍 역량 · 대용량 분산처리 플랫폼 (Hadoop, Spark..."
https://kr.indeed.com/viewjob?jk=0a7b8ae3649ef5b9,Python활용 데이터 사이언티스트 신입/경력 정규직,폴리데이터랩 성남 수정구,"연봉 50,000,000원 - 60,000,000원","사이언티스트 ( 선임연구원 , 책임연구원 ) 가 . 주요업무 - Python 을 이용한 TAQ 데이터 (0.001 초 단위로 기록된 주문 및 체결... 관련 석박사 학위 보유자 - Python 과 SQL 을 이용한 빅데이터..."
https://kr.indeed.com/viewjob?jk=8c47e8f334705d2e,Algorithm Application Engineer,Garrett Advancing Motion 경기도,,"System/Data Integration • High level programming skills (Python, R, Matlab, C++ or Java) • Machine Learning Algorithms..."
https://kr.indeed.com/viewjob?jk=33da210b05e4dac7,"Design Consultant, Sr II",Synopsys 대한민국,,"DFT, MBIST, and ATPG tools. • Experience scripting... Python and Tcl. Experience with Verilog or SystemVerilog RTL..."
https://kr.indeed.com/viewjob?jk=d1d0f9bfa7226166,자산운용본부/전략기획본부 인턴,브이아이피자산운용 대한민국,,"필수 (CFA, AICPA 등 자격증 소지자 우대, 일본어/중국어 가능자 우대) EXCEL 숙련자(VBA, Python 활용자 우대) 4. 제출 서류 -전략기획본부: 첨부 입사지원서 -자산운용본부: 영문 resume(※사진..."
https://kr.indeed.com/viewjob?jk=ba738a285b5823c3,Enterprise Sales Engineer,DataDog 대한민국 +1 지역,,"technologies. Programming experience. Extra points for Java, Python, Ruby, Go, Node.JS, PHP... NET Experience in systems..."
https://kr.indeed.com/viewjob?jk=c6402f6a5164a9e9,데이터 분석 전문가 (경력),LG이노텍 4.1 서울특별시,,"제조 Domain Knowledge 보유 - Skill : 데이터 분석 소프트웨어 툴 활용 역량 보유자 (Python, R, SQL) - 해외여행에 결격사유가 없는 인원 제출방법 - 지원서 제출은 LG Careers를 통한..."
https://kr.indeed.com/viewjob?jk=466ed639df372448,[판교]기술지원,NHN Service] [판교 4.4 경기도,,"Linux, Windows Server 트러블 슈팅 숙련자 - 2년 이상의 개발 경험자(PHP, Python 등) 본 채용은 상시 채용으로 면접이 수시로 진행되며, 先지원자에게 기회가 먼저 부여되므로 빠른 지원 바랍니..."
https://kr.indeed.com/viewjob?jk=01bc879744c28f9c,Support Engineer _ Azure PaaS,Microsoft 4.2 서울,,"Java, Node, Python, PHP and Ruby, .NET... Linux, NGNIX, Apache, Java, Node, Python, PHP and Ruby • Experience with customer..."
https://kr.indeed.com/viewjob?jk=6c6ccc05ec15dc41,Design for Test (DFT) Engineer,SiFive 대한민국,,"power intent (UPF/CPF). Good scripting skills using Tcl, Perl, Python, Makefile and Shell scripts Preferred qualifications..."
https://kr.indeed.com/viewjob?jk=b0e9252f0c2cf6ec,[개발]위메프패션 백엔드 개발자(정규직),위메프 2.3 대한민국,,"위메프패션 서비스 백엔드 개발 [자격사항] - 백엔드개발 경력 3년 이상 - Java, Node.js, Python, Php, Ruby 중 하나 이상 백엔드 개발 경험이 있으신 분 - NoSql 사용 경험이 있으신 분..."
https://kr.indeed.com/viewjob?jk=c2bc15d755c2e44a,제조공정Deep Learning/AI 전문가 대그룹계열제조사 new,대그룹계열제조사 서울특별시,,"컴퓨터공학 등 인공지능 관련학과 - Image 및 공정 Data 분석 중심의 및 Deep Learning /AI 개발 및 산업 적용 경험 5년 이상 - Python, R, CNN, DNN, RNN 등 Tool 활용 가능"
https://kr.indeed.com/viewjob?jk=8cc3ef804be1e95c,삼성전자 Python Framework 개발 (화성사업장/10개월),모두리치MDURICH Inc 경기도 화성,,"지원자격 경력 경력 (5년이상) 학력 대학졸업(2,3년) 성별 무관 기타 담당업무 삼성전자 Python Framework 개발 (화성사업장/10개월) 커리어 양식 지원 아직 커리어에 이력서를 등록하지 않으셨다면!!상세 이력..."
https://kr.indeed.com/viewjob?jk=abeb2f106393ad76,"[데이터 분석 스타트업] UI/UX개발/고객행동분석 (Python, GA...",온누리아이코리아 서울 금천구,,기획·전략>일반기획|경영·인사·총무·사무>경영·기획·전략>전략기획|인터넷·IT·통신·모바일·게임>웹프로그래밍>Python|인터넷·IT·통신·모바일·게임>웹프로그래밍>벡엔드|인터넷·IT·통신·모바일·게임>웹프로그래밍>프론트엔드...
https://kr.indeed.com/viewjob?jk=35f16e65f031d7e9,[해외취업] Sales Application Engineer,Materialise Sdn Bhd 대한민국,,experience/qualification in Scripting language skill (Python) is added advantage - A natural interest and passion for 3D...
https://kr.indeed.com/viewjob?jk=22e47a04b651ae84,직원,KIS채권평가 대한민국,,"CRS 평가 - 헤지 유효성 테스트 *자격요건 - 학사학위 이상 소지자 - 프로그래밍(C/C++, VBA, Python) 기술을 보유하거나 금융공학 관련 업무 유 경험자 우대 (6) 모집부서: <경영관리실> *포지션: 채용..."
https://kr.indeed.com/viewjob?jk=4edbdaebae7b2b60,IT부문 경력직,하나펀드서비스 대한민국,,"SQL Server 경험자 - Python, bash 등 프로그래밍 숙련자... 용량 트랜잭션 처리 어플리케이션 개발 및 운영 경험자 - Java, Python, bash, Node.js(백엔드) 등 한가지 이상의 프로그래밍 숙련..."
https://kr.indeed.com/viewjob?jk=6f3b8c137683ada9,로봇 기반 Vision 서비스 개발 그룹 IT인프라 구축,그룹 IT인프라 구축 서울특별시,,"에 대한 이해 - 형상 관리 시스템에 대한 기본 이해(Git 등) Skill - C/C++/C#/Python 기반 Machine Vision 알고리즘 개발 능력 - OpenCV, Halcon, Mil 등 Vision..."
https://kr.indeed.com/viewjob?jk=c6398dbbd3c4f4d9,"Partner Engineer, Google Assistant",Google 4.3 서울,,"languages... C++, Java, JavaScript, Typescript or Python. Preferred qualifications: A passion for engineering..."
https://kr.indeed.com/viewjob?jk=feac8a234b715106,네이버 일본 맛집 서비스 CONOMI 머신러닝 개발자,네이버 대한민국,,"2 년 이상 ) - 컴퓨터 관련 전공자 수준의 프로그래밍 역량 (Linux/Shell, C++, Python, TensorFlow, PyTorch 등 ) - Production level 의 machine learning..."
https://kr.indeed.com/viewjob?jk=d9086035792f01d0,AI 기반 로봇 서비스 개발 그룹 IT 인프라 구축,그룹 IT 인프라 구축 서울특별시,,"주요 언어 및 프레임워크 : C, Python, Tensorflow... 리즘 구현 및 적용 - Deep Learning 프로젝트 수행 경험 - Python 중급 이상 기타 - Robot 제어 관련 지식 및 프로젝트 경험자 우대"
https://kr.indeed.com/viewjob?jk=57aa1b90d7626f69,[개발]신사업 프론트 개발자(정규직),위메프 2.3 대한민국,,"성장을 추구하는 개발자 - 웹 Front 개발(javascript, html, css) 기술 보유자 - Python, Ruby, PHP 등 스크립트 언어에 거부감이 없는 자 [우대사항] - 창의적 문제해결 능력과 열정을..."
https://kr.indeed.com/viewjob?jk=9425313d3f425da7,H/W application Engineer,Qualcomm 4.1 서울,,"language and tool... plus -Matlab, ADS, C, C++, Python, etc 6.Required basic communication skill in English. Fluency..."
https://kr.indeed.com/viewjob?jk=989c8d5579ea7132,"인공지능 플랫폼 회사(알파브릿지) 경력직(IT, 관리)",에셋플러스자산운용 대한민국,,"운영관리 -하이브리드 모바일 앱 개발 -ReactJS, NodeJS, Python 개발 경력자 우대 -Linux / My SQL 운영 및 관리 경력자... 운영 및 관리 경력자 우대 -Python / C/C++ / JAVA 등..."
https://kr.indeed.com/viewjob?jk=0bbf23c0930be392,Support Engineer,Microsoft 4.2 서울,,"Linux script-based development environments and tools (PERL, Python, Ruby, PhP, etc.) Programming language (C++/C#) Please..."
https://kr.indeed.com/viewjob?jk=b7551724d58f140f,Django/Python 웹 애플리케이션 구축/운영.,아이시큐어 서울 금천구,,지원자격 경력 신입·경력 학력 학력무관 성별 무관 기타 담당업무 Django/Python 웹 애플리케이션 구축/운영. 커리어 양식 지원 아직 커리어에 이력서를 등록하지 않으셨다면!!상세 이력서 등록하기 상세모집요강 접수기...
https://kr.indeed.com/viewjob?jk=53a2e2f6154d9cff,연금운용파트,디지비자산운용 대한민국,,"서치 관련 경험자 ② 계량 리서치 / 퀀트 모델링 유경험자 ③ 우대사항 -프로그래밍 가능자 (VBA, R, Python, SQL 등) 2. 모집인원 : 0명 3. 수습기간 : 회사에서 정하는 범위 내에서 수습기간을 적용할..."
https://kr.indeed.com/viewjob?jk=4233609a843b5e96,분석지원팀 - 데이터 분석가,Nexon 성남 분당구,,및 커뮤니케이션 능력 - (필수) 새로운 기술 습득에 능동적이고 거부감이 없는 분 - (선택) R 혹은 Python을 이용한 데이터분석 능력 - (선택) SQL 기본 활용 능력 - (선택) 통계 및 분석에 대한 이론...
https://kr.indeed.com/viewjob?jk=acbc411113b81ae5,데이터 엔지니어,리디 서울특별시,,"환경에서의 데이터 파이프라인 구축 및 운영 경험 GA, Tableau 등 외부 분석/시각화 도구에 대한 지식 Python, Java, Scala 중 하나 이상을 이용한 개발 경험 [지원 시 유의 사항] 이름, E-mail..."
https://kr.indeed.com/viewjob?jk=84fd4c2127309eea,[보안]보안솔루션 운영 담당자(정규직),위메프 2.3 대한민국,,"발생 시 사고 대응/재발 방지 대책 수립 [자격사항] - 정보보안 실무 경력 4년 이상 보유자 - 스크립트(python, shell 등) 개발 가능자 - 신규 취약점 분석 후 사내 자산과의 연관성 분석 가능자 [우대사항..."
https://kr.indeed.com/viewjob?jk=98aba8d3e3628f1b,호정솔루션 대전지역 개발팀 신규인력,호정솔루션 대전 유성구,"연봉 24,000,000원 - 26,000,000원",지원자격 경력 신입·경력 학력 - 성별 무관 기타 담당업무 전자정부프레임워크 활용 웹 개발 Python 활용 GIS 라이브러리 개발 GIS 및 드론 활용 소프트웨어 개발 상세모집요강 접수기간/방법 시작일 2020.1...
https://kr.indeed.com/viewjob?jk=eb45c08f4c4a43d8,Data Analyst,Axiologic Solutions 서울,,"algorithms and data manipulation capabilities using R, Python, C++, JavaScript, Go, and other known programming languages..."
https://kr.indeed.com/viewjob?jk=2615f45e6f912c05,"Customer Solutions Engineer, Global Clie...",Google 4.3 서울,,"general purpose programming language (e.g., Java, C/C++, Python). Preferred qualifications: Experience... online..."
https://kr.indeed.com/viewjob?jk=e5098c47e3662580,BI 운영 그룹 주력계열사,그룹 주력계열사 서울특별시,,"운영 및 관리 - SQL, JAVA script, BW, Spotfire, Python, DB (Oracle, Green Plum, Hadoop 등... 개념 및 관련 Language(Python, SQL, JAVA script..."
https://kr.indeed.com/viewjob?jk=c1936b77c8be4bcf,빅데이터 플랫폼 및 BI시스템 구축 그룹 IT계열사,그룹 IT계열사 서울특별시,,"Machine Learning(ML) 기본 개념 및 관련 Language(Python) - DB (Oracle, Green Plum, Hadoop 등... 통계분석 방법론 및 분석 tool (R, Python) 경험자 우대"
https://kr.indeed.com/viewjob?jk=1988c9d5cb042a50,[Search & Clova] AI 응용 제품/서비스 개발 경력사원,네이버 대한민국,,격요건 및 우대사항] - 자격 요건 - 웹 / 모바일 서비스 Backend 개발 경력 5 년 이상 - Go/Python/Java 중 한개 언어 이상에서 개발 경력 5 년 이상 - 웹 / 모바일 서비스의 일반적인 아키텍쳐 이해...
https://kr.indeed.com/viewjob?jk=9040dba1c8db2a5d,퀀트운용팀 (사원-대리급),신한비엔피파리바자산운용 대한민국,,지식 보유자 - 투자자산운용사 자격증 소지자 우대 - CFA/CAIA/CPA 자격증 소지자 우대 - VBA/ Python 활용한 업무 가능자 우대 - 관련 전공 및 석박사 학위/금융 관련 자격증 보유자 우대 3. 전형방법...
https://kr.indeed.com/viewjob?jk=8a6fe616b4d92317,경영기획팀(금융혁신TF) 경력직원,신영증권 대한민국,,"등) 소유자 -. 데이터 마이닝, 통계, 머신러닝, 최적화 관련 지식 소유자 -. 통계분석 도구(R, Python, SAS, SPSS 중 하나 이상) 실무 경력 -. 대용량 데이터 처리 및 분석 환경(Hadoop M/R..."
https://kr.indeed.com/viewjob?jk=af1c75601986e224,"(주)트윔 개발자(경력직) 빅데이터,영상처리,머신비전/AI 딥러닝",트윔 경기도 화성,,"등 ) - 다양한 딥러닝 프로젝트를 자기주도적으로 진행한 경험 - Python/C/C++ 능통자 - 데이터 엔지니어링 실무 경험 우대사항 - 컴퓨... 험자 - C/C++, Java, Python/TensorFlow/Caffe..."
https://kr.indeed.com/viewjob?jk=3224a99522042aaa,Image Processing Developer (SW Engineer),Applied Materials Inc. 경기도 화성,,5 years of experience in object oriented development in C++/Python/Matlab At least 3 years of experience in Image Processing...
https://kr.indeed.com/viewjob?jk=212ca67d161b7162,2020 Market Data Analyst - Seoul (Korean...,Bloomberg 서울,,"languages (e.g. Python, R, JavaScript... programming/scripting languages (e.g. Python, R, JavaScript, Java) as well as SQL..."
https://kr.indeed.com/viewjob?jk=9bff6cc5a8f53e6e,[개발]웹 서비스 개발자(정규직),위메프 2.3 대한민국,,로운 시스템 적용 등) [우대사항] - 마이크로서비스 아키텍처에 대해 이해하고 설계 경험이 있는 자 - Python 사용 가능자 - 다양한 오픈소스 활용 경험자 - Cloud platform / Redis / MongoDB...
https://kr.indeed.com/viewjob?jk=695d21f6aec731c6,Quant 트레이딩 부문,벨에포크자산운용 대한민국,,"거시경제 데이터 관리 3. 지원자격 및 우대사항 (1)필수사항 -투자자산운용사 보유, Python, 엑셀 VBA 사용 능력자 (Python 패키지 : Scikit-learn, Keras, Tensorflow 활용가능) (엑셀..."
https://kr.indeed.com/viewjob?jk=e5ce68ca5e40e930,[KSTEC] 2020년 신입 및 경력 (SW개발자),지식시스템 성남 분당구,,"Python, Java 기반) [자격요건] 1. 전공 : 통계학, 컴퓨터공학 2. 학력 : 석사 이상 3. 경력 : 경력 3년 ~ 10년 [기술요구사항] 1. SPSS, SAS, R, Python, Java 등..."
https://kr.indeed.com/viewjob?jk=a7537cdbe2ad7857,웹개발자와 펌웨어 엔지니어,후본 서울 양천구,"연봉 22,000,000원 - 24,000,000원",지원자격 경력 신입·경력 학력 - 성별 무관 기타 담당업무 웹개발자 1명 flask기반의 Python WAS개발이 가능한 개발자 자바스크립트 및 HTML5 개발 능통자 펌웨어개발자 1명 RTOS 경력자 우대 C언어 능통자...
https://kr.indeed.com/viewjob?jk=aa9fe8e9fd5c6f84,[EY한영] 컨설팅본부(Advisory) PI-Customer팀 경력직...,EY 4.0 대한민국,,"경력 3년 이상 10년 이하 경력 보유한 자 - 해외여행 결격사유가 없는 자 § 우대사항 - R, Python, SAS, SQL 등을 활용한 데이터 전처리 및 분석 모델링 경력 보유한자 우대 § 전형절차 - 1차..."
https://kr.indeed.com/viewjob?jk=003c11fc393d77d7,[개발]위메프오 서비스 개발총괄(정규직),위메프 2.3 대한민국,,"Javascript, ES6, React, Angularjs * Backend : PHP(Phalconphp), Python, JAVA(Spring Boot), MSA, ELK * Infra : AWS (EC2, RDS..."
https://kr.indeed.com/viewjob?jk=995f796d49d7095c,2020년 해외 R&D 석/박사 및 산학장학생,LG유플러스 3.8 서울,,"분야의 분석 수행 경험 보유 : 분석/모델링 Tool(R, SAS, Python 등) 및 관련 Skill 기반의 정형/비정형데이터 분석 기술 보유... 가공 역량 보유 - Java, python 등 프로그램 SKILL 보유..."
https://kr.indeed.com/viewjob?jk=b2cfcc7d4b79c216,[Search&Clova] Clova 챗봇 Platform 개발 신입/경...,네이버 대한민국,,"및 알고리즘에 대한 기본기 ) - Programming Skill · Java, Scala, Spark, Python 등 [우대사항 ] · Scala 경험자 또는 Scala 를 이용하여 웹 서버 백엔드 개발하고 싶은 분..."
https://kr.indeed.com/viewjob?jk=bb22e1b9b7683013,"Front End Software Engineer, TensorFlow",Google 4.3 서울,,"Programming abilities and proficiency with backend (Python, Java). Programming abilities and proficiency in TypeScript. About..."
https://kr.indeed.com/viewjob?jk=3a08c7089343733d,광고팀 - 분석가,Nexon 성남 분당구,,개선에 참여합니다. 지원자격 - 데이터 정제 및 머신러닝 기법 적용에 필요한 프로그래밍 능력 (R or Python) - SQL 기본 활용 능력 우대사항 - Spark를 활용한 데이터 처리 및 분석 능력 - 시각화...
https://kr.indeed.com/viewjob?jk=f775c2b405edea87,"Computer Vision Engineer, Perception – A...",NVIDIA 서울,,"PyTorch, etc). Strong programming skills in C++... python. Outstanding communication and teamwork skills as we work..."
https://kr.indeed.com/viewjob?jk=a39853230d5ceca8,Healthcare Real World Data Analyst 담당자,IQVIA 서울,,"HEOR 전반적인 업무 수행 Qualifications Claims Data 관련 분석 경력자 SAS / Python / R 등 통계 프로그래밍 언어 사용 가능자 통계학 전공자, 통계 및 Epidemiology 관련 석사..."
https://kr.indeed.com/viewjob?jk=a24b1ac91024ce54,교보악사자산운용 QUANT팀,교보악사자산운용 대한민국,,"0명 2. 지원자격 1) 2020년 2월 졸업 예정자 또는 졸업자 2) 통계패키지(R) 또는 프로그래밍 툴(Python) 사용 능력 필수(전공 불문) 3) 투자자산운용사, CFA, FRM 자격증 보유자 우대, 영어 능통자..."
https://kr.indeed.com/viewjob?jk=9501d92030085af2,RF Production Test Engineer,Qualcomm 4.1 서울,,"experiences Skills in scripting language programming... C++, Python and Perl. Hands-on experience on lab equipment..."
https://kr.indeed.com/viewjob?jk=092d062a6faa7139,데이터 분석가,카카오 4.2 성남 판교역,,"만한 무언가(실력/열정) 데이터 분석 업무를 수행할 수 있는 하나 이상의 언어 스킬 필수 (예. SQL, Python, R 등) 데이터 기반 프로젝트 경험이 있으신 분 (예: 통계 분석 프로젝트) 어떤 일이라도 중요하게 여기..."
https://kr.indeed.com/viewjob?jk=a771637c0eeffc26,[Search & Clova] NAVER Search 이미지 검색서버개발...,네이버 대한민국,,"필요역량] 이미지 검색서버 구축 , 운영 이미지 검색로직 개발 [자격요건 및 우대사항 ] C/C++/JAVA/python/ 개발 가능 수십대 이상으로 구축된 시스템 개발 , 운영 경험 Linux 환경에서의 개발 경험 IR..."
https://kr.indeed.com/viewjob?jk=eeb027369cdab361,분석 플랫폼 웹 프론트 엔지니어,Nexon 성남 분당구,,"CSS, Javascript 등 웹어플리케이션 개발을 위한 front-end 개발 가능 - Node, Python, C#, Java 중 최소 1개 언어에 대한 경험이 있는 분 - SQLServer, Mysql과 같은..."
https://kr.indeed.com/viewjob?jk=1b51ad0d9ab48803,각 부문별 수시,KIS채권평가 대한민국,,금융공학/수학 전공자 우대 - 관련업무 경력자 우대 - 프로그램밍 가능자(MSOffice/Matlab/Python 등) 우대 (3) 모집부서: <금융컨설팅> *포지션: 신입/경력 *담당업무: - 금융컨설팅/외부프로젝트...
https://kr.indeed.com/viewjob?jk=59b0ff5ce11a8952,Associate Solutions Engineer (Full Time)...,Cisco Systems 4.1 서울,,"experience in software languages. C, C++, C#, Java or Python are desired. • Must be able to legally live and work..."
https://kr.indeed.com/viewjob?jk=30279163f8f6cba7,마케팅(전략기획)신입~경력,비스퀘어 부산 해운대구,"연봉 30,000,000원 - 35,000,000원","- 개발 경력 3년 이상(학원, 교육 이수기간 제외) - 개발 언어 C++, Go, Java, PHP, Python, Nodejs 가능자 - 모바일 개발 언어 Java, Kotlin, Objective-c, Swift 가능자..."
https://kr.indeed.com/viewjob?jk=67ca30c143379281,Data Scientist III,Amazon Web Services Korea LLC 서울,,"development in languages like Java, Python, Scala. Experience working with RESTful... data processing with Python, R & SQL..."
https://kr.indeed.com/viewjob?jk=686cdc6df95f159f,Software Engineer / Sr. Software Enginee...,Nielsen 3.8 서울,,"Experience with following programming languages: C/C++, Python Knowledge in network and multithread programming Knowledge..."
https://kr.indeed.com/viewjob?jk=ad3c7c22cfc0bc67,각 부문 수시,KIS채권평가 대한민국,,금융공학/수학 전공자 우대 - 관련업무 경력자 우대 - 프로그램밍 가능자(MSOffice/Matlab/Python 등) 우대 - 영어 가능자 우대 (3) 모집부서: <컨설팅> *포지션: 신입/경력 *담당업무: - 금융컨설팅...
https://kr.indeed.com/viewjob?jk=f935130f920e7f66,"1,2월 경력",LG CNS 3.7 서울,,"3년 이상 ② , Python, SQL 활용 가능 우대사항 (해당 내용 중 1개 이상) ① AI/빅데이터 분석 프로젝트 PM/PL 경험 보유 ② AI/빅데이터 분석 프로젝트 경험 10년 이상 ③ R, Python, SAS 중..."
https://kr.indeed.com/viewjob?jk=fb617eeb80ea6fa9,AI/빅데이터 분야 (인재 Pool),LG유플러스 3.8 서울,,"Science를 위한 언어(R/Python) 및 Tool(scikit-learn/Tensorflow 등) 능숙자 . Deep Learning Model 구현 경험자 . Java, Python등을 이용하여 분석을 위한 Data..."
https://kr.indeed.com/viewjob?jk=87095de33a665ecb,안드로이드/ 윈도우서버 스프링 개발자 / 풀스택 개발자 정규직,thecompany 경상남도,"연봉 25,000,000원 - 30,000,000원",래머>벡엔드|인터넷·IT·통신·모바일·게임>웹프로그래머>프론트엔드|인터넷·IT·통신·모바일·게임>웹프로그래머>Python|인터넷·IT·통신·모바일·게임>응용프로그래머>생체인식(바이오인식)|인터넷·IT·통신·모바일·게임>응용프...
https://kr.indeed.com/viewjob?jk=5f3a399e83a81379,[개발]위메프오 서비스 서버개발자(정규직),위메프 2.3 대한민국,,"및 운영 3년이상 경험자 - 서버 프로그래밍 언어 중 1개 이상 사용 가능자 : PHP, C/C++, Python, JAVA - 소프트웨어 기본지식 보유자(자료구조, 알고리즘, 분산처리 등) - 스토리지부터 프론트엔트까지..."
https://kr.indeed.com/viewjob?jk=413f619bf996b574,[Full-time] Quantitative Trading,Byzantine Partners 서울,,background is a plus Programming capability is mandatory (i.e.Python) Understanding of machine learning algorithm is a plus...
https://kr.indeed.com/viewjob?jk=bfe0f5ac4f32ec89,추천 통계분석/데이터사이언티스트,카카오 4.2 성남 판교역,,등 기타 카카오 서비스 영역 전반 지원자격 숙련된 데이터분석 능력 데이터 사이언스를 위한 언어(R/Python) 를 하나 이상 능숙하게 다룰 수 있으신 분 분석 결과를 설득력있게 전달할 수 있는 분 우대사항 머신...
https://kr.indeed.com/viewjob?jk=d585814d097935eb,카카오톡 보이스톡/페이스톡/라이브톡 개발자,카카오 4.2 성남 판교역,,"워크 서버 개발 경력 VoIP 기술에 대한 이해 우대 사항 음성 합성 또는 영상 합성 경험 MySQL, Python, JavaScript, Node.js 경험 서비스 운영 경험 ※ 카카오 기술 직군의 경우, 개발 경력 2..."
https://kr.indeed.com/viewjob?jk=d179e1efffe62b53,교보악사자산운용 주식운용본부 Growth팀 사원,교보악사자산운용 대한민국,,명 2. 지원자격 1) 2020년 2월 졸업 예정자 또는 졸업자 2) 통계패키지(R) 또는 프로그래밍 툴(Python) 사용 가능자 우대 3) 투자자산운용사 우대 4) 국가유공자 우대 3. 담당업무 1) 공모주 펀드 운용...
https://kr.indeed.com/viewjob?jk=ddbea73728157cac,테크빌더팀 - 개발자 (프론트앤드),Nexon 성남 분당구,,발의 기본적인 프로세스를 이해하시는 분 우대사항 - JavaScript 중급이상 활용 가능하신 분 - Python 중급이상 활용 가능하신 분 - 웹서비스 개발 및 운영 경험 있으신 분 - 웹 프레임워크 활용 경험 있으...
https://kr.indeed.com/viewjob?jk=257110e5aec08f6d,[Search&Clova] Clova 머신러닝 Scientist 개발 신...,네이버 대한민국,,"관련 전공 석 / 박사 학위 보유자 또는 관련 업계 경력 보유자 - Programming Skill · Python (Tensorflow, PyTorch 등의 오픈소스 프레임워크 기반 개발 역량 ) [우대사항 ] · ML..."
https://kr.indeed.com/viewjob?jk=2c0226e483779522,시스템 엔지니어링,NHN 4.4 성남 판교역,,"OS 스킬 보유 및 X86 서버 운영 경험 보유 - 기본적인 운영도구 개발 가능자 . Java, Python, Django - OpenStack 기반의 클라우드 설계 구축 및 운영 경험자 - 웹 서비스 또는..."
https://kr.indeed.com/viewjob?jk=9ebdf72100457715,리서치분야 경력직,케이지제로인 대한민국,,"모델링 자격 요건 - 금융공학, 경영학(재무학), 경제학, 수학 등 관련 분야 전공자 - SQL, R, Python 등 Tool 숙련자 우대사항 - 금융관련 자격증 소지자 / 재무 및 통계 관련 석박사 / 펀드 관련..."
https://kr.indeed.com/viewjob?jk=f281c810daf0e10d,카카오 네트워크 엔지니어,카카오 4.2 성남 판교역,,"있는 자신감 넘치시는 분 (기술, 응대 모든 면에서) 해외여행 결격사유 없는 분 선호 자격 bash, python 등을 이용한 인프라 관리 자동화 스크립트 가능하신 분 인프라 운영 및 관리 관련 Tool 개발/경험이 있으..."
https://kr.indeed.com/viewjob?jk=7c7f6f9c070d78bd,Robot SW Engineer 그룹 IT인프라 구축,그룹 IT인프라 구축 서울특별시,,"대한 기본 이해(Git 등)"" Skill - Robot Application 개발 기술: C#, C++, Python, ROS, Linux 등 - Machine Learning 적용 알고리즘 구현 및 운영 - Vision..."
https://kr.indeed.com/viewjob?jk=557b3d9aae378005,경력 및 신입직원,KIS채권평가 대한민국,,자격요건: (1) 신입~경력 5년 (2) 프로그래밍 가능자 (Excel/VBA/C/C++ 등) (3) Python/Java 및 DB 관련직종 유 경험자 우대 (4) CUDA(GPU)/Tensorflow 관련직종 유 경험자...
https://kr.indeed.com/viewjob?jk=d952a2933cb8e330,제주근무] 영상처리 개발자,아이디어콘서트 제주 제주시,,래머>JAVA|인터넷·IT·통신·모바일·게임>웹프로그래머>벡엔드|인터넷·IT·통신·모바일·게임>웹프로그래머>Python|인터넷·IT·통신·모바일·게임>응용프로그래머>C·C++|인터넷·IT·통신·모바일·게임>응용프로그래머>자바...
https://kr.indeed.com/viewjob?jk=273d830a0c62aedd,솔루션 프론트엔드 개발자,Nexon 성남 분당구,,"분석 솔루션 서비스들의 웹프론트 개발 및 운영 지원자격 - 경력제한 없음 - flask, django등 Python 기반 웹서비스 개발 기술 스택 사용 경험 - vue.js 등의 Framework 사용 경험과 이에 수반..."
https://kr.indeed.com/viewjob?jk=9f26c2fbcaf1b9bc,Senior Software Engineer,BOEING 서울,,"desktop application frameworks, Enterprise middleware, Perl, Python, C++, AJAX, relational or other databases, MYSQL, Unix..."
https://kr.indeed.com/viewjob?jk=35d7ed4451724d19,파생퀀트/ IT퀀트 경력직 ( ~시 까지),유안타증권 대한민국,,"근무 경력자 우대 (IT퀀트) 1. 전산 관련 전공자 2. IT개발, SI경력 보유자 3. C++, VBA, Python, SQL 등 프로그래밍 능력 보유자 4. 금융관련 지식이 없어도 무방 - 접수기간 : 2019년 5월..."
https://kr.indeed.com/viewjob?jk=04d685fc70b67d4e,Linux/Python/PHP/MySQL/백엔드 정규직 경력,일루미나리안 용인 보정동,,"보유 - DBMS(MySQL or MariaDB), scripting Language: bash, python, OOP 언어 중 가능자 - Back-End 서버를 개발해 보신 분 [우대사항] - Go(aka GoLang..."
https://kr.indeed.com/viewjob?jk=750977c97eeed4d5,랩오투원 신입/경력 개발자,유한책임회사랩오투원 부산,,"신입) - C#, JAVA, Python, node,js, Ruby 중 잘... 대한 3년 이상 경험이 있는 분 - 관련학과 석사 이상 - 머신러닝(python, scikit-learn, tensorflow, pytorch 등..."
https://kr.indeed.com/viewjob?jk=475bfcb9fe2956fa,"Solution Architect, Data Scientist - WWF...",NVIDIA 서울,,"fields 3+ years work or research experience with Python, C++ software development A proven track record of academic..."
https://kr.indeed.com/viewjob?jk=48ca423ba9cc3be4,Product Test Engineer - GPU,NVIDIA 서울,,"VB. Experience in either Shell Prog., Awk/Sed, Perl, Python is preferred. Experience in CAD/SPICE is preferred. Experience..."
https://kr.indeed.com/viewjob?jk=37127548f83bb7f7,[Search & Clova] 네이버 웹검색 연구/개발 경력사원,네이버 대한민국,,러닝 패키지 중 한가지를 자신있게 활용할 수 있는 능력 • Linux에서의 개발작업이 익숙하며 Java/Python/C++ 중 한가지 언어를 잘 다루는 능력 [우대사항] • 검색서비스의 수집/정제/랭킹개발업무 경력 • 포털...
https://kr.indeed.com/viewjob?jk=54a0b1ed3a827a58,매칭팀 - 데이터분석가,Nexon 성남 분당구,,및 대시보드 설계 지원자격 - (필수) 데이터 정제 및 머신러닝 기법 적용에 필요한 프로그래밍 능력 (R or Python) - (필수) SQL 기본 활용 능력 - (선택) Spark를 활용한 데이터 처리 및 분석 능력...
https://kr.indeed.com/viewjob?jk=8c8700db243d1a3c,"Application Engineer, Sr II",Synopsys 서울,,"Working knowledge of scripting languages like TCL, Unix Shell, Python, or Perl. Prior AE/design experience is a plus. Working..."
https://kr.indeed.com/viewjob?jk=4ebd70ec7e478364,[KSTEC] RPA 시스템 개발 경력사원,지식시스템 성남 분당구,,통신·모바일·게임>웹프로그래머>JAVA|인터넷·IT·통신·모바일·게임>웹프로그래머>.NET|인터넷·IT·통신·모바일·게임>웹프로그래머>Python|인터넷·IT·통신·모바일·게임>웹프로그래머>HTML·DHTML·mHTML
https://kr.indeed.com/viewjob?jk=a8ed60198075d112,Application Backend Developer,BOEING 서울,,"experience is required. Proficiency in Java, JavaScript, Python, C#, C++ or comparable Object Oriented Language Knowledge..."
https://kr.indeed.com/viewjob?jk=07375dc4e800dfa9,추천 시스템 소프트웨어 엔지니어,카카오 4.2 성남 판교역,,"트워크, 컴파일러, 데이터베이스에 대한 이해가 깊으신 분 C/C++/Python 프로그래밍 숙련자 GPU 프로그래밍 숙련자 대용량/실시간 서비스 개발... 키워드 프로그래밍 언어 Python, C/C++, Go, Java..."
https://kr.indeed.com/viewjob?jk=d1e75364ef505c68,"데이터 가치 함께 발굴하실 머신러닝, 통계 모델링 전문가",카카오 4.2 성남 판교역,,해당 기술에 자신감이 있으신 분도 환영합니다. 지원자격 머신 러닝/통계 등 모델링에 활용하는 언어(Python/Scala/R 등) 및 도구(Tensor flow/Pytorch 등)를 하나 이상 능숙하게 다룰 수 있으신...
https://kr.indeed.com/viewjob?jk=67a92be234325f85,[해외취업] AI 엔지니어,株式会社ASCOM 대한민국,,"회사에서 일하고 싶어하는 사람들에게 좋은 기회입니다. 인생의 새로운 장을 열어보세요! 1) C/C++,Python 및 기타 프로그래밍 언어에 익숙한 자 2) 딥 러닝 도구(예：Tensorflow,Caffe 등)에 익숙한 자..."
https://kr.indeed.com/viewjob?jk=7a730622208e64b8,각 부문별 신입/경력직원 인재,펀드온라인코리아 대한민국,,"도전적인 자세와 개발에 대한 열정이 있는 분 [우대사항] - Linux 환경에서 스크립팅(Shell, Python등) 언어 활용 능력 [플랫폼]플랫폼기획 (정규직/0명) - 플랫폼 기획/설계 - 시스템(서비스) 기획..."
https://kr.indeed.com/viewjob?jk=fa839fed02943ef7,"Technical Specialist, Professional Servi...",Google 4.3 서울,,"one or more object-oriented programming language (e.g., Java, Python, etc.). Experience in mobile and web development best..."
https://kr.indeed.com/viewjob?jk=cd8ee27085e6a2ff,머신러닝/딥러닝,NHN 4.4 성남 판교역,,"PyTorch 개발 경험 - 고속 병렬 처리 관련 지식/개발 경험 - C++, Java, Python 개발 경험 [Computer Vision 연구개발] Job Description 자격요건 우대사항 - 딥러닝..."
https://kr.indeed.com/viewjob?jk=22a5590c81649937,Senior Technical Consultant,MathWorks 서울,,"scientific applications Other programming languages, e.g. Python, R, Java, C/C++ or C# Strong knowledge of computational..."
https://kr.indeed.com/viewjob?jk=432b169b273d9964,"R&D Engineer, Sr I",Synopsys 서울,,back-end Strong software programming skills in C++ and python is required Job Category Engineering Hire Type Employee...
https://kr.indeed.com/viewjob?jk=ba6ceead2055ee51,백엔드개발자(파이썬 Python) / 2년 이상 / 3600만원 ~ 협의...,에쓰시티 서울 서초구,"연봉 36,000,000원 - 45,000,000원",사항: 학력무관 연령: 34세 (1986년생)이하 성별: 무관 • Python DJango 개발 가능자 • API개발및 설계 가능자 • java... 통신·모바일·게임>웹프로그래머>Python|인터넷·IT·통신·모바일·게임...
https://kr.indeed.com/viewjob?jk=9437c9fdc6462773,Data & AI Technical Specialist,IBM 3.9 서울,,"Data Science space: SPSS, Decision Optimization, SAS, R and Python programming, etc. Knowledge... Open Source space..."
https://kr.indeed.com/viewjob?jk=37d1f6dbb37f8a38,대용량 분산 스토리지 개발자,카카오 4.2 성남 판교역,,이상 #우대 자격 Java 멀티쓰레드 기반 네트워크 프로그래밍 경험이 있으신 분 (netty도 ok) Python 등의 스크립트 언어를 하나 이상 다룰수 있으신 분 HBase 등의 NoSQL 시스템 운영이나 사용 경험이...
https://kr.indeed.com/viewjob?jk=52a34298ecaaac39,[EY한영] 컨설팅본부(Advisory) Java 개발자 경력직 모집,EY 4.0 대한민국,,"분 우대 MyBatis를 이용해 RDBMS와 연동해 본 경험이 있으신 분 우대 다른 고급 언어 (C#, Python) 개발 경험이 있으신 분 우대 html5, javascript, css3에 대한 지식이 있으신 분 우대..."
https://kr.indeed.com/viewjob?jk=7bf179a290a157b2,경험최적화파트 - 머신러닝 엔지니어,Nexon 성남 분당구,,모델 개발 - 머신러닝을 위한 솔루션 프로토타이핑 - 머신러닝 파이프라인 설계 및 구축 지원자격 - Python에 숙련된 프로그래밍 능력과 머신러닝 라이브러리 활용 경험 - 머신러닝과 강화학습에 관련된 지식 습득 혹은...
https://kr.indeed.com/viewjob?jk=c6e0b428a62c7eaa,경험최적화파트 - 데이터 사이언티스트/분석가,Nexon 성남 분당구,,피처 탐색 등) - 게임내 행동패턴 로그 분석과 패턴 식별 및 이를 통한 서비스 개선 지원자격 - Python을 사용한 데이터 분석 및 모델 개발 경험 - 머신러닝 라이브러리 활용 경험 - 셀프 모티베이션 - 원활한...
https://kr.indeed.com/viewjob?jk=752a4b5d63eac97c,백엔드 Engineer (Python),Soomgo 서울 강남구,,래픽 처리를 위한 AWS 인프라 구축 • 5년 이상의 웹/앱 서비스 백엔드 시스템 개발 경험이 있는 분 • Python 언어를 활용한 개발 경험이 있는 분 • 성능 최적화에 대해 지속적으로 고민하고 노력하시는 분 • AWS...
https://kr.indeed.com/viewjob?jk=a65baa1929f29393,데이터 플랫폼 개발,NHN PAYCO 4.4 성남 판교역,,"Map-Reduce 등 활용 경험 - 데이터 기반의 문제해결 역량 및 논리적 사고 - Java/Python 등 기본적인 Programing 역량 - 통계분석, 머신러닝 기법 등을 활용한 데이터 분석 경험..."
https://kr.indeed.com/viewjob?jk=649ccf047c868778,"금융 데이터 분석 엔진, 로보어드바이저 개발자",에스비씨엔 서울 영등포구,,"시스템, 머신러닝, 자연어처리. 패턴분석 - 다음 언어에서 최소 한 가지 이상 능숙자: Java, C++, Python, JavaScript 우대사항 - 석사이상 컴퓨터공학 (Computer Science) 분야 또는..."
https://kr.indeed.com/viewjob?jk=dd06066d79860614,MySQL Engineer,카카오 4.2 성남 판교역,,"지원자격 대용량 DBMS 운영 경험이 있는 분 (실력, 의지는 중요하나 경력'기간'은 중요하지 않음) python, go, bash 등 스크립팅 언어를 하나 이상 사용하실 수 있는 분 MySQL 에 대해 전반적으로 이해하고..."
https://kr.indeed.com/viewjob?jk=80f1a9fe40a6c290,[Search & Clova] 파파고 Software Engineer 경...,네이버 대한민국,,"개발 / 운영 [ 자격요건 및 우대사항 ] - Spring 기반 백엔드 서버 개발 / 운영 경험 필수 - Python 개발 / 운영 경험 우대 [ 채용하고 싶은 사람 ] - 프로그램 설계 , 디버깅 , 자료구조 및 알고..."
https://kr.indeed.com/viewjob?jk=2ee36692349dce88,Staff Engineer for RF PA Module Test,Qualcomm 4.1 서울,,"Plus - Strong software skills (Java, C/C++, Visual Basic, Perl, Python etc... programming and debugging test codes - Solid..."
https://kr.indeed.com/viewjob?jk=103175b04a715b9b,Platform/BSP SW APPS Engineering - Engin...,Qualcomm 4.1 서울,,"scripting languages is preferred (Shell/Python) Responsibilities: -Keeps abreast... C, C++, Java, Python, etc. Preferred..."
https://kr.indeed.com/viewjob?jk=85929aac498299cc,데이터 사이언스 전문가 및 머신러닝 전문가,카카오 4.2 성남 판교역,,명시해 주시기 바랍니다. 지원자격 개발 경력 2년 이상 머신 러닝/데이터 사이언스를 위한 언어(R/Python/Scala) 및 도구(scikit-learn/Spark MLlib/Tensorflow/Pytorch 등)를...
https://kr.indeed.com/viewjob?jk=ce7fd95d9ce72a62,[신입/경력] Python 개발자 - 인천 청라,인피닉 인천 중구,,"Python 가능자, S/W 품질관리 이해 가능자 인터넷·IT·통신·모바일·게임>웹프로그래밍>Python|인터넷·IT·통신·모바일·게임>전산·IT기술지원>S/W 엔지니어"
https://kr.indeed.com/viewjob?jk=62fcf223757af729,자바개발자 신규/경력직,제이아이티코리아 서울 성동구,"연봉 30,000,000원 - 32,000,000원","HTML, Javascript, Oracle, Mysql 특이사항 기술 - 상황에 따라 다른 개발 랭퀴지 ( Python, .Net ) 습득과 출장 가능 해야 함. 상세모집요강 접수기간/방법 지원방법 전형절차 및 제출서..."
https://kr.indeed.com/viewjob?jk=7d85150a375cfacf,[Search & Clova] BigData and AI Platform...,네이버 대한민국,,터에서 수행되는 다양한 작업에 대한 문제 해결과 성능 향상을 위한 기술 제안 [필수조건] - Java / Python / C / C++ 개발 가능 (경력사원의 경우 1년 이상의 경력) - 리눅스 환경에서의 개발 경험 - 우수...
https://kr.indeed.com/viewjob?jk=3a8cf7e51ca14e44,Data Engineer,NHN godo 4.4 서울 구로구,,"MongoDB, CouchBase, Hadoop, Redis 등 운영 경험이 있는 분 - PHP, Python, JAVA, GO 중 1개 이상 사용한 개발이 가능한 분 - Spark, ELK, R, MapReduce 사용..."
https://kr.indeed.com/viewjob?jk=de8ad67cf88179fe,DevOps Engineer,Nielsen 3.8 서울,,"least one... following programming languages: C/C++, Python, Go, JavaScript Knowledge in network and multithread..."
https://kr.indeed.com/viewjob?jk=37da5b148b2d3ef4,Senior Data Scientist - AWS Professional...,Amazon Web Services Korea LLC 서울,,"track record of building ML or DL models · Experience using Python... R · Able to write production level code, which..."
https://kr.indeed.com/viewjob?jk=be6c1f03fa566f8e,추천 시스템 연구/개발,카카오 4.2 성남 판교역,,"Content-based Filtering, Matrix Factorization 프로그래밍 언어 Python, C/C++, Go, Java, Scala, Matlab, R 관련 서비스 미디어다음, 브런치, 카카오TV..."
https://kr.indeed.com/viewjob?jk=4e17fe419583b40b,데이터 분석 및 모델링 (페이코 쿠폰/광고 타겟팅),NHN 4.4 성남 판교역,,"구축, 피쳐 발굴, 모델 튜닝, 결과 해석 등) - 머신 러닝 및 데이터 분석 관련 언어 (R,Python,SQL 등) 능숙한 활용 - 리눅스 환경에서 개발 가능 - 통계, 머신 러닝 등 관련 분야 (통계..."
https://kr.indeed.com/viewjob?jk=fccde67d76f9359a,백엔드 엔지니어 (e-커머스),리디 서울특별시,,숙련자 퍼블릭 클라우드를 이용한 서비스 구축 및 운영 경험 추가 정보 우대사항 대용량 트래픽 운영 경험 Python/Django 개발 경험이 있는 분 콘텐츠 혹은 커머스 서비스 개발 경험 [지원 시 유의 사항] 이름...
https://kr.indeed.com/viewjob?jk=d9f11f87d00b7289,상반기 수시 각 부문별 신입/경력직,쎄트렉아이 대전 유성구,,"험자 - HDL 설계 경험자 - Python, Raspberry Pi 경험... 시각화 스크립트(Python) 개발 - 기 구축된 위성 영상 품질 관리 SW 기능 개선 - 리눅스 서버 개발 경험 - Python 개발 경력자..."
https://kr.indeed.com/viewjob?jk=2d1342226996073d,정산 및 재무서비스 개발자,Nexon 성남 분당구,,"및 운영 경험이 있으신 분 - Bootstrap 등을 활용한 Front End 개발 경험이 있으신 분 - Python, Java 개발 경험이 있으신 분 - REST, SOAP API 개발 경험이 있으신 분 - GIT..."
https://kr.indeed.com/viewjob?jk=de44729f90fcae6e,AI 개발/Data Scientist/시스템 아키텍쳐/빅데이터엔지니어 경...,신한에이아이 서울 영등포구,,"등 - 프로그래밍 언어: Python, Java, R 등 [우대사항... 쿠버네티스 운영 경험 - 인프라에 대한 이해 - 프로그래밍 역량 (Python, Scala, R 등) - 수학, 통계, 공학 전공 0 명 원서접수..."
https://kr.indeed.com/viewjob?jk=e4526d75d18b3635,[경력] 빅데이터 및 데이터분석 컨설팅 - Digital 본부,삼정 KPMG 3.2 서울 강남구,,"대한 이해와 관심 : 빅데이터 프로젝트 또는 데이터 분석 알고리즘 활용 업무 수행 경험 : SAS, R, Python, SQL 등 활용 경험 - 우대 : 컨설팅 경력자, 석사학위 이상 소지자 : 통계학, 산업공학, 경영공학..."
https://kr.indeed.com/viewjob?jk=860a3733156e6821,Data Analytics Analyst - SOCKOR,Barbaricum 서울,,"manipulation capabilities using R, Python, C++, JavaScript, Go, and other known... experience in Python, C++, JavaScript, GO..."
https://kr.indeed.com/viewjob?jk=9ec6ee8ffbdef537,Client Solutions Engineer,Cover Genius 서울,,"practical experience. 3+ years programming experience in Python, Java, or PHP. 2 years of experience with web technologies..."
https://kr.indeed.com/viewjob?jk=53ea82c70f836537,Marketing Science Director,KANTAR 3.7 서울,,"Ability to program, ideally in different languages... Python, Hadoop, R, Java, Ruby, Matlab, Pig or SQL Passionate about..."
https://kr.indeed.com/viewjob?jk=eaee1538d8cc832f,메시지발송 플랫폼 개발자,Nexon 성남 분당구,,"개발 가능하면서 python 개발 경험 소유자(또는 Python 개발 가능... NET 또는 python 개발 경력 5년이상 - 자동화를 위한 스크립트(powershell, bash, python 등) 경험 - Windows..."
https://kr.indeed.com/viewjob?jk=83afcd111984f51c,데이터연동개발팀 - 데이터엔지니어,Nexon 성남 분당구,,환경에서 ETL 개발 경험이 있으신 분 - SQL 및 스크립트 활용 능력이 뛰어나신 분 우대사항 - Python이나 Scala 등과 같은 프로그래밍 언어를 활용하여 ETL 개발이 가능하신 분 - 아마존 웹서비스(AWS...
https://kr.indeed.com/viewjob?jk=5f8e5223dee07bb5,기업부설연구소 블록체인 프로그래머 경력자,케이포시큐리티 서울 구로구,"연봉 30,000,000원 - 32,000,000원","지원자격 경력 신입·경력 학력 - 성별 무관 기타 담당업무 - 프로그램 개발 (go /c++ /Python ) -. 네트워크 프로그래밍 (P2P, C... NS-3, Blockchain 관련 개발 - 프로젝트 기획/개발..."
https://kr.indeed.com/viewjob?jk=71c47ac87bb4087e,기술 인턴 인공지능 응용 연구/개발 인턴,써로마인드로보틱스 서울 관악구,,"6개월) (협의) *모집 절차: 서류 à인터뷰(오프라인) *지원 자격: 프로그래밍 언어 활용 능력: Python, C, C++ 중 1가지 이상 데이터구조, 알고리즘 과목 이수 머신러닝과 딥러닝의 기본 개념 이해 머신러닝..."
https://kr.indeed.com/viewjob?jk=fd0e5f5aa2592df1,[해외취업] IT엔지니어,유아솔류션즈 대한민국,"연봉 35,000,000원 - 60,000,000원","Swift iOS/Android 스마폰 소프트웨어 개발, WEB 서비스 개발, 업무 소프트웨어 개발. ・Python/Perl AI,시뮬레이션 및 빅크 데이터분석 Tool구사와 개발 통신/운통 운영시스테므 개발 ・C/C++..."
https://kr.indeed.com/viewjob?jk=de6034fa3ef850c8,EQUITY본부 경력직,KB증권 대한민국,,"운용지원) : 관련업무 경력(운용/퀀트/영업/시스템개발), 프로그래밍능력 소지(C#, VBA, SQL, PYTHON 등) 2) MS부(파생운용) : 관련업무 경력 3) MS부(시스템개발) : C, C#/SQL(Oracle..."
https://kr.indeed.com/viewjob?jk=5c6723a17ad467f6,Solutions Architect - Amazon Connect,Amazon Web Services Korea LLC 서울,,"passion for getting hands dirty with code/scripting (e.g, python, java, c#, .NET, Node.js) Amazon Web Services is looking..."
https://kr.indeed.com/viewjob?jk=073b7071c036dba2,Developer Relations Manager,NVIDIA 서울,,"experience Familiarity... least one of C, C++, or Python Ways to stand out from the crowd: Comfortable in a hands..."
https://kr.indeed.com/viewjob?jk=f94c9548ff7a6d66,Engineer for RF PA Module Test,Qualcomm 4.1 서울,,"Strong software skills (Java, C/C++, Visual Basic, Perl, Python etc... programming and debugging test codes - RF test..."
https://kr.indeed.com/viewjob?jk=19b44e0d17d112e2,분석실 - 베이지안 분석 전문가,Nexon 성남 분당구,,"동으로부터 피드백을 받아 최적화 모델을 개선합니다. - 주요 활용 tool : SQL, zeppelin, python, tableau 지원자격 - (필수) 논리적이고 체계적인 문제 해결 및 커뮤니케이션 능력을 소유하신 분..."
https://kr.indeed.com/viewjob?jk=ca7da7655917c156,2020 신입생 ICT/바이오 하이테크 대졸자 취업연계 과정,한국폴리텍대학융합기술교육원 성남 분당구,,벡엔드|인터넷·IT·통신·모바일·게임>웹프로그래밍>프론트엔드|인터넷·IT·통신·모바일·게임>웹프로그래밍>Python|인터넷·IT·통신·모바일·게임>하드웨어설계·개발>하드웨어|인터넷·IT·통신·모바일·게임>통신기술>전자태그...
https://kr.indeed.com/viewjob?jk=5f7da090abe24e91,리서치센터 RA,신한금융투자 대한민국,,"글로벌 자산배분에 관심 있는 사람 - 전공 : 경영/재무/금융공학 전공자 우대 - 전산 : VBA 및 R/PYTHON 사용 가능자 우대 3. 연봉 및 처우 - 계약직(단, 3개월 probation 평가 후 계약직 정식 채용..."
https://kr.indeed.com/viewjob?jk=2695294aea6dc3b6,MongoDB Engineer,카카오 4.2 성남 판교역,,수 있는 분 Linux/Network에 대한 기초 지식이 있는 분 우대 사항 C/C++ 또는 Python 언어를 이용한 프로그램 개발(프로젝트) 경험이 있는 분 MongoDB 트러블 슈팅 경험이 있는 분 MongoDB...
https://kr.indeed.com/viewjob?jk=9636072f3878d7aa,[예비사회적기업] 도시데이터 분석으로 사회적 가치 만들어나갈 인재 찾습니...,어반스테이션 서울 용산구,"연봉 30,000,000원","우대사항] -엑셀 활용 능력 중급 이상인 분 -GIS 프로그램(ArcGIS, QGIS) 활용 가능한 분 -Python, R 언어를 다룰 수 있는 분 -그 외 업무에 활용가능한 프로그램과 언어가 있으시면 적어주세요..."
https://kr.indeed.com/viewjob?jk=9fcd027f173235aa,퀀트운용본부 경력사원,디비자산운용 대한민국,,"3년 이상 - 주식 및 시장에 대한 퀀트/계량적 접근방식 유경험자 우대 - 프로그래밍 능력(VBA, R, Python 등) 보유 및 모델개발 경험자 우대 - 투자자산운용사 자격 보유자 - 영어 등 외국어 활용능력 우수자 우대..."
https://kr.indeed.com/viewjob?jk=a50fce6cc2cb57c9,자연어처리전문가 금융챗봇 만들어 갈 엔지니어,파운트 서울 충정로역,,리에 필요한 알고리즘을 개발하고 Python으로 구현 및 성능 검증을 진행... Description - 자연어 처리에 필요한 알고리즘을 개발하고 Python으로 구현 및 성능 검증을 진행 - 자연어 전처리 (형태소 분석...
https://kr.indeed.com/viewjob?jk=81bedf2d7bac42ba,빅데이터 및 AI기반의 마케팅 마케터 및 플랫폼기획자,컨셉터스(CONCEPTERS) 서울 강남구,,"수 있는 포트폴리오가 있는 분 우대사항 # Social Network Analysis에 대한 지식이 있으신 분 # Python, R 관련 경험이 있거나 책을 한권이라도 읽어보신 분 # Data Mining 및 Data..."
https://kr.indeed.com/viewjob?jk=05ada0ec7f259bfd,경영지원본부 정보기술팀 경력직,아이비케이자산운용 대한민국,,"운용 관련 지원 프로그램 가능자 ㅇ 미들웨어(WEB,WAS) 및 웹프로그래밍 가능자 ㅇ C++,VBA 및 Python 개발 가능자 ㅇ IT총괄 기획 및 보고 가능자 ㅇ 현 인프라 업무시스템 관리 가능자(서버, 네트워크, 보안..."
https://kr.indeed.com/viewjob?jk=691f61972f31c777,이탈방지팀-서비스 개발자,Nexon 성남 분당구,,"Hbase, Presto, Hive 등 빅데이터 프레임웍을 활용한 ETL 지원자격 - 경력제한 없음 - Python, Nodejs 기반 웹서비스 개발 기술 스택 사용 경험 - aws 서비스 기반 dev-ops 경험..."
https://kr.indeed.com/viewjob?jk=703240f1af245dde,Cloud Storage Architect 국내 IT 대기업,국내 IT 대기업 서울특별시,,"contribution 경험 - 자동화 구현 솔루션/언어 사용 경험 (Ansible, Chef, puppet, Python, JSON, YAML 등) ※ 우대사항 - 클라우드 스토리지 서비스 구축/운영 경험자 - 스토리지..."
https://kr.indeed.com/viewjob?jk=5123207a169f90eb,Software Developer - Front-End / Back-En...,AITRICS 서울,,"purpose programming languages including C++, Java, Javascript, Python. Eager to learn a new programming language and machine..."
https://kr.indeed.com/viewjob?jk=55dbae449417c19d,RAS Power Marketing Analytics Lead for P...,Siemens AG 4.0 서울,,"visualization and analysis tools... Tableau, Alteryx, Python, R, SAS, SQL, ML/AI, or GAMS is desired. · Position would..."
https://kr.indeed.com/viewjob?jk=c46c1d3d5b3fb904,SDET Engineer,Nielsen 3.8 서울,,"experience... least one of following programming languages: Python, Ruby, Java, C++. Experience in multiple languages..."
https://kr.indeed.com/viewjob?jk=bc60262f805458bb,[유펜솔루션] 웹 크롤러 개발자,유펜솔루션 서울 강남구,"연봉 24,000,000원 - 26,000,000원",개발 및 고도화 - 백엔드/프론트에드와의 통신 체계 구축 필요역량 - Java or C/C++ or Python을 이용한 웹 크롤러 개발 경력 - 상기 언어에 대해 최소 2년 이상 개발 경험 - 데이터베이스 이해 - 새로운...
https://kr.indeed.com/viewjob?jk=b9974ad79659bb6d,"카카오콘 앱(iOS), 서버 경력 개발자",카카오 4.2 대한민국,,"2년 이상 모바일 환경을 위한 API 시스템 개발 경험 특정 언어 하나에 능숙하신 분으로, 배워서라도 Python 또는 Ruby 개발이 가능하신 분 [우대사항] 백엔드 서버와 웹 프런트엔드 모두 개발 가능하신 분 ※ 카카오..."
https://kr.indeed.com/viewjob?jk=a3a65a4d59061430,위시켓과 함께할 서버개발자님,위시켓 서울 강남구,,"를 활용한 정적 페이지 연계 - Docker, Jenkins 등을 활용한 CI/CD 개선 자격조건 - Python 기반의 프레임워크를 이용한 웹서비스 구축 또는 운영 경험 - Django 기반의 웹 서비스 구축 또는 운영..."
https://kr.indeed.com/viewjob?jk=bd1ad6ca3aba3000,데이터 엔지니어 / Data Engineer,Bagelcode 서울,,및 개발 [업무 내용] - Python과 Airflow를 이용한 데이터... 이해 - AWS 환경에서 개발/운영 경험 혹은 그에 준하는 지식 - Python / Java / Scala / Kotlin 중 하나 이상을 이용한...
https://kr.indeed.com/viewjob?jk=116009dbf59211ed,퍼즐데이터 역량있는 데이터 분석가,주식회사퍼즐데이터 서울 역삼동,,"데이터 마이닝 및 통계분석에 대한 전반적인 이해 3. 관련분야(산업공학, 통계 등) 전공 4. R or Python 사용 능력 * 이런 분은 더욱 좋아요. 1. 프로세스 마이닝 지식 보유자 2. 관련분야 대학원 전공 3..."
https://kr.indeed.com/viewjob?jk=eb9e27de8a88b9e6,[IT대기업] AI 플랫폼 구조개선/운영 효율화,에이스파트너스서치펌 대전,,통신·모바일·게임>빅데이터·AI(인공지능)>R|인터넷·IT·통신·모바일·게임>빅데이터·AI(인공지능)>Python|인터넷·IT·통신·모바일·게임>빅데이터·AI(인공지능)>빅데이터|인터넷·IT·통신·모바일·게임>빅데이터·AI...
https://kr.indeed.com/viewjob?jk=6ab9a13f7d90a283,[펜타시큐리티/아우토크립트] 응용 소프트웨어 개발자,펜타시큐리티시스템 서울 영등포구,,JAVA|인터넷·IT·통신·모바일·게임>응용프로그래머>Linux|인터넷·IT·통신·모바일·게임>응용프로그래머>Python|인터넷·IT·통신·모바일·게임>네트워크·서버·보안>사물인터넷(IoT)|인터넷·IT·통신·모바일·게임...
https://kr.indeed.com/viewjob?jk=d017610d9828199c,"드론 데이터 스타트업, 엔젤스윙 엔지니어",엔젤스윙 서울 관악구,,"Ruby on Rails, Python, C++, AWS AWS, GCP... 기반 웹서비스 개발 경험 디버깅, 최적화 스킬 Javascript, Python, C++ 등 개발언어 중 자신있는 언어가 1가지 이상 있으신 분..."
https://kr.indeed.com/viewjob?jk=dd4d8e59a4a9265d,Data Specialist (Scientist&&Engineer),아우름플래닛 서울 마포구,,"Tensorflow, Keras, Pytorch, Theano 등)를 하나 이상 사용할 수 있는 분 • R, Python, Scala, SQL 등을 이용한 데이터 분석 및 프로그램 개발 능력이 있는 분 • 데이터 분석 기법..."
https://kr.indeed.com/viewjob?jk=ae15250b0a7f47e0,데이터 엔지니어,크로스앵글 서울 여의도,,"데이터 관리 (Auth0) - 블록체인 지갑 인증 (Ethereum, EOS) [자격요건] - 백엔드 & Python 실무 개발경험 3년 이상 혹은 그에 준하는 능력을 갖고 있으신 분 - 새로운 기술에 대해 호기심을 갖고..."
https://kr.indeed.com/viewjob?jk=05ce3c7d5c6c368c,Research Engineer - Machine Learning,AITRICS 서울,,learning approaches One or more software engineering skills (Python preferred) Experience in using deep learning frameworks...
https://kr.indeed.com/viewjob?jk=6b92af73c4433b6f,OTC운용팀 파생/IT 퀀트 경력직,유안타증권 대한민국,,"근무 경력자 우대 (IT퀀트) 1. 전산 관련 전공자 2. IT개발, SI경력 보유자 3. C++, VBA, Python, SQL 등 프로그래밍 능력 보유자 4. 금융관련 지식이 없어도 무방 - 접수기간 : 2019년 8월..."
https://kr.indeed.com/viewjob?jk=9400017ccbf7975f,코딩강사 신입/경력 인턴,코딩사이언스학원 인천 부평구,,위사실이 있을 경우 채용이 취소될 수 있습니다. 인터넷·IT·통신·모바일·게임>빅데이터·AI(인공지능)>Python|인터넷·IT·통신·모바일·게임>빅데이터·AI(인공지능)>인공지능(AI)|인터넷·IT·통신·모바일·게임>빅데...
https://kr.indeed.com/viewjob?jk=22f37b921213afa9,INDEX/QUANT운용본부 신입사원,교보악사자산운용 대한민국,,"SQL) 활용 능숙자 우대, 블룸버그, 퀀트와이즈 등 금융 data tool 사용 가능자 우대, 그외 Python, R 등 능숙한 프로그래밍 언어사용자 우대 4) 영어 능통자 우대 5) 적극적이고 긍정적인 마인드 소유 6..."
https://kr.indeed.com/viewjob?jk=5140d7ca5ea8d1f0,"(인공지능, 텍스트분석) JAVA/LUCENE/Node.js/Python...",이지메타 서울 구로구,"연봉 50,000,000원 - 60,000,000원","이지메타 JAVA개발 신입/경력 정규직 채용 모집부문 및 자격요건 모집부문 담당업무 자격요건 인원 JAVA개발 [담당업무] Spring Framework, Spring Boot, Lucene/Solr/Elastic..."
https://kr.indeed.com/viewjob?jk=962ccc68c40fa2d8,Engineer II - Test GSO,"Advanced Energy Industries, Inc 서울",,"Familiar with program language... Labview,TestStand, Python, Matlab, etc. EDUCATION: Essential: Bachelor of Science..."
https://kr.indeed.com/viewjob?jk=49bb83246aaaa60c,함께 성장할 S/W개발자 모집합니다.,주식회사 유락 전라북도 완주,"연봉 24,000,000원 - 26,000,000원","조건 : 주 5일(40시간)근무 지원자격 : 프로그램 코딩 가능자 프로그램 언어 무관( C, C++, Python, Java 등) 담당업무 : S/W개발 담 당 자 : 김용진 010-7446-1120 yongjinin..."
https://kr.indeed.com/viewjob?jk=5b35dc1e8525140c,(주)웨이브웨어 2020 년도 신입사원 (프로그래머),웨이브웨어 대전 유성구,"연봉 25,000,000원 - 30,000,000원","유경험자 - keras/theano/tensorflow 유경험자 - python, java 유경험자 - lwjgl/jogl 을 이용한 OpenGL... tensorflow 유경험자 - python, java 유경험자..."
https://kr.indeed.com/viewjob?jk=7b262c14d78e4b3e,소프트웨어 개발,에스티앤아이 대구 서구,,"모집> * 모집부문 및 담당업무 : 로봇 시뮬레이션 API 개발 및 지원 ( .Net(C++,C#) / Python ) * 근무지역 :울산광역시 중구, 대구광역시 달서구 * 급여 : 이력서에 희망연봉 기재 * 제출서류..."
https://kr.indeed.com/viewjob?jk=1f7f2b48cf91125b,DBA담당자,해커스 서울 강남구,,"스크립트 (쉘 or Python...) 작성 가능 6. 신규 시스템 RDBMS 설계(요건 분석 및 협의 능력) 7. 원활한 소통능력 8. 경력 4년 이상 우대사항 1.개발 경험 (Java, Python, C++) 2..."
https://kr.indeed.com/viewjob?jk=f0049b34a1ca824e,금융 데이터 분석 및 데이터 전략기획 담당,디에스파트너즈그룹 서울,,"고객 분석, 마케팅 분석 - 마케팅 기획 및 실행조직과 협업 경험, 마케팅 데이터 모델링 개발능력 - R, Python, Tableau, SAS, Orange, SQL 등 데이터 분석의 업무를 수행 할 수 있는 개발 언어에..."
https://kr.indeed.com/viewjob?jk=6d527590548dbcab,테크빌더팀 - 개발자 (백앤드),Nexon 성남 분당구,,AWS 서버 운용 경험 있으신 분 - ElasticSearch 개발 및 운영 경험이 있으신 분 - Python 중급이상 활용 가능하신 분 기타사항 - 서류 접수 이후 4주 이내로 결과를 알려 드립니다. - 국가보훈대상...
https://kr.indeed.com/viewjob?jk=530a598184580c95,데스크탑 가상화(VDI) 엔지니어,카카오 4.2 성남 판교역,,"기본적 이해 리눅스 시스템에 대한 기본적 이해 우대사항 시스템 엔지니어 경력자 Powershell, Python, Shell 스크립트를 이용한 인프라 관리 자동화 경험자 부드러운 커뮤니케이션, 친절한 마인드의 소유자..."
https://kr.indeed.com/viewjob?jk=3e2a310c9dd0f693,[멜론] 빅데이터 서비스 개발자,카카오 4.2 성남 판교역,,"리즘, OS, 네트워크, SQL의 기초 지식 보유 긍정적이고 원활한 커뮤니케이션 스킬 소유자 우대 사항 Python 지식 보유 기계 학습(또는 딥러닝)에 대한 이해와 경험 데이터 시각화 도구 개발 경험 DevOps 경험..."
https://kr.indeed.com/viewjob?jk=20d40ee61adffeca,챗봇 플랫폼 개발자,카카오 4.2 성남 판교역,,"서비스에 대한 두려움이 없으신 분 서버 개발 Java, Scala, Kotlin 등의 JVM 기반 언어 및 Python을 이용해서 실서비스 개발 및 운영해보신 분 데이터 엔지니어 Kafka, Elasticsearch..."
https://kr.indeed.com/viewjob?jk=21f720e55bab4c8d,카카오톡 서버 개발자,카카오 4.2 성남 판교역,,"운영과 관련 스크립팅 능력 상용 서비스 운영 경험 원활한 커뮤니케이션 능력 우대 사항 Kotlin, Python, Ruby 언어 경험 네트워크 프로그래밍 경험 웹 서비스 (MVC), 웹 프론트엔드 개발 경험 대용량 서버..."
https://kr.indeed.com/viewjob?jk=c7c315d68ab45e13,TOIION 토이온 전산 인프라 운영 스탭,토이온 성남 수정구,,"MySql, MongoDB, MariaDB 등 ) 설치 경험 - 프로그래밍 / 스크립팅 (Bash, Python 등 ) 능력 0명 서류전형 면접전형 최종심사 * 서류심사 합격자에 한해 개별 통보 제출서류 입사지원서 및..."
https://kr.indeed.com/viewjob?jk=e54b529c0c6831af,인포카 서버개발자 개발팀 정직원 (경력),무릉 서울 성북구,"연봉 36,000,000원 - 38,000,000원",팀원급 <우대사항> - 해당직무 근무경험 - Java / Spring framework 개발 경험 및 Python 개발 경험 - Database 관련 된 깊은 이해 (Mysql 및 RDBMS ) - 테스트와 지속적인 구조...
https://kr.indeed.com/viewjob?jk=be4f01d811e5a7f9,[초우량 벤처기업] 인프라 엔지니어,휴먼커리어컨설팅 성남 분당구,,"드로 개발 플랫폼 환경을 구축하고 운영 경험자 Ÿ Linux 명령 및 shell 스크립트 작성 가능 Ÿ Python, Node.js, Go 등 프로그래밍 경험자 5. 우대조건 Ÿ 인프라 / 서비스 엔지니어링 및 장애상..."
https://kr.indeed.com/viewjob?jk=056544637aac9783,주식 펀드매니저 (7/16 마감),현대인베스트먼트자산운용 대한민국,,"우대요건 · 4년제 정규대학교 졸업 및 졸업예정자 · 금융관련 퀀트 및 IT 관련 지식 보유자 · VBA/Python 활용한 업무가능자 우대 · 투자자산운용사, CFA 등 자격증 보유자 우대 지원서 접수 - 기간..."
https://kr.indeed.com/viewjob?jk=4869ca56d1b577b9,교보악사자산운용 INDEX팀 사원,교보악사자산운용 대한민국,,명 2. 지원자격 1) 2020년 2월 졸업 예정자 또는 졸업자 2) 통계패키지(R) 또는 프로그래밍 툴(Python) 사용 가능자 우대 3) 투자자산운용사 우대 4) 국가유공자 우대 3. 담당업무 1) 인덱스 펀드 운용...
https://kr.indeed.com/viewjob?jk=a4f3ab37cca8403a,[NHN ACE] 시스템/플랫폼 개발자 경력,엔에이치엔에이스 성남 분당구,,PHP |인터넷·IT·통신·모바일·게임>웹프로그래머>JAVA|인터넷·IT·통신·모바일·게임>웹프로그래머>Python|인터넷·IT·통신·모바일·게임>응용프로그래머>C·C++|인터넷·IT·통신·모바일·게임>응용프로그래머>JAVA...
https://kr.indeed.com/viewjob?jk=7bf30c81a0e59d82,AI팀(액티브 퀀트/인덱스 펀드) 사원·대리급,이스트스프링자산운용 대한민국,,"리서치 - 계량 모델 관리 및 개발 3. 지원자격 - 금융상품 투자에 대한 열정 - 프로그래밍 능력(VBA, Python, R 등) 보유 및 경험자 우대 - 전공 무관(수학, 통계, 금융공학 전공자 우대) - 신입의 경우..."
https://kr.indeed.com/viewjob?jk=3ffc7a22768918e4,[해외취업] 게임 개발자 / 사원 40%가 외국국적 글로벌 근무환경,엘트리 대한민국,"연봉 35,000,000원 - 100,000,000원","분 최신 테크놀로지나 기술 트랜드에 흥미가 있는, 배우고 싶은 분 환영스킬 C++/C#/Java/python 개발경험 서버 개발 3D게임 개발 네트워크 시스템 개발 모집공고 URL https... worldjob..."
https://kr.indeed.com/viewjob?jk=d33d4800a8505288,웹 개발 경력(12년)직,비스퀘어 부산 해운대구,"연봉 50,000,000원 - 60,000,000원","Go, Java, PHP, Python, Nodejs 가능자 - 모바일... 수기간 제외) - 개발 언어 C++, Go, Java, PHP, Python, Nodejs 가능자 - 모바일 개발 언어 Java, Kotlin..."
https://kr.indeed.com/viewjob?jk=70f513e9782febab,R&D 연구원 신입 정규직,스칼라웍스 서울 금천구,,Algorithm)를 이해하고 기본적인 코딩 가능한 인재 3) Python Application 관련 개발 업무 (코딩 또는 문제해결) 수행 가능한... 본적인 코딩 가능한 인재 3) Python Application 관련 개발...
https://kr.indeed.com/viewjob?jk=c2c1ab0ed507c4e2,비즈니스 분석가(Business Analyst) 영입,카카오페이 성남 백현동,,데이터를 추출 및 가공 가능할 수 있으신 분 -기본적인 통계 모델링 및 가설검증 능력을 보유하신 분 -R/Python 등 분석에 필요한 언어 활용이 가능하신 분 -다양한 유관부서의 실무자 및 경영진과 커뮤니케이션 할 수...
https://kr.indeed.com/viewjob?jk=6bd1eb25b2ff3750,인프라 시스템 엔지니어,이스트게임즈 서울 서초구,,"DB, VPN 등) - 스크립트 프로그래밍 이해도가 높은 분 (Bash, PowerShell, Python, PHP 등) [우대사항] - 시스템 구성 경험이 있으신 분 - 웹개발 경험이 있으신 분 - 오픈소스..."
https://kr.indeed.com/viewjob?jk=18142c151fad0ef3,[해외취업] AI/BI 엔지니어,유아솔류션즈 대한민국,,"고력과 도전적인 분 새로운 개발언어에 대한 적극적으로 습득의지가 강한 분 【우대스킬】 1) C/C++,Python,Perl 및 기타 프로그래밍 우대 2) 딥 러닝 도구(예：Tensorflow등등) 취급경력자 우대 3) AI..."
https://kr.indeed.com/viewjob?jk=7c57fb8fc418e996,트레이딩본부 (신입),메리츠종합금융증권 대한민국,,"등) - 수리적 감각 뛰어나신 분 - 엑셀 활용능력 우수자 - 프로그래밍 기초지식 보유자 (MySQL, python, C, C++ 등) - 장애인, 보훈 취업지원대상자 등 관련 법령에 따른 대상자 우대 근무환경..."
https://kr.indeed.com/viewjob?jk=7c1737fbadab9ad4,리스크관리본부 리스크관리팀,이스트스프링자산운용 대한민국,,"리본부 리스크관리팀 사원·대리급 2. 지원자격 - 리스크관리 관련 경력 3~6년 - Query, VBA, Python, MS Office 능통자 우대 - 금융공학 지식 보유자 우대 - 영어 능통자 우대 - 보훈 대상자 우대..."
https://kr.indeed.com/viewjob?jk=6b6159f484729ce1,[대기업금융사] 보이스봇 서비스 기획 (과장-차장급),FN executive search 서울,,"서비스 개선 경험 - SQL, Python 등 활용 Data 분석 역량... 공지능(AI)|인터넷·IT·통신·모바일·게임>빅데이터·AI(인공지능)>Python|인터넷·IT·통신·모바일·게임>빅데이터·AI(인공지능)>딥러닝|인터..."
https://kr.indeed.com/viewjob?jk=f044d9361c664f80,Technical Trainer - Amazon Web Services,Amazon Web Services Korea LLC 서울,,"more... following languages, Java, .Net, Perl, PHP, Ruby,Python... R. · · Use Deep Learning frameworks like MXNet..."
https://kr.indeed.com/viewjob?jk=94242432ba095bac,기업부설연구소 경력직 연구원(정규직) 공개,케이포시큐리티 서울 구로구,"연봉 50,000,000원 - 60,000,000원","업무 자격요건 인원 [담당업무] - 프로그램 개발 (go /c++ /Python... 네트워크 프로그래밍 (P2P, C... NS-3... 그래머>C·C++|인터넷·IT·통신·모바일·게임>응용프로그래머>Python"
https://kr.indeed.com/viewjob?jk=10ddf37c7b70f83b,[해외취업] 고급 IT 엔지니어,株式会社ASCOM 대한민국,,"일본어 능력은 상관없음. python,C++,C,C#,ASP.net,JAVA,VB.net,swift,IOS,Android,kotlin 중 한가지 이상 개발 경력이 3년 이상인 자. [python] * AI, 사물 인터넷..."
https://kr.indeed.com/viewjob?jk=5060b2252ce25e01,AI 활용방안모색/적용 전략 수립,에이스파트너스서치펌 서울 강남구,,"기술개발 및 적용 경험 . 관련 분야의 석사, 박사 학위 . 언어(R/Python) 및 Tool(scikit-learn/Tensorflow 등) 능숙... 게임>빅데이터·AI(인공지능)>Python|인터넷·IT·통신·모바일·게임..."
https://kr.indeed.com/viewjob?jk=68ee194a9d487aac,Data Engineer,고도소프트 서울 구로구,,"MongoDB, CouchBase, Hadoop, Redis 등 운영 경험이 있는 분 - PHP, Python, JAVA, GO 중 1개 이상 사용한 개발이 가능한 분 우대사항 - Spark, ELK, R, MapReduce..."
https://kr.indeed.com/viewjob?jk=1a0fc032fa7d6866,"Sales Engineer (Pre-Sales), Korea",Recorded Future 서울,,"Technical skills: Coding experience preferred (i.e. Python), JSON familiarity a plus * Experience in an analytical role..."
https://kr.indeed.com/viewjob?jk=3f46d6b013eed283,(주)엘솔루 NLP연구개발직,㈜엘솔루 서울,,"처리 기술에 대한 경험 ㆍPython, C++, Java등을 이용하여... 프로그래밍>머신러닝(ML)|인터넷·IT·통신·모바일·게임>웹프로그래밍>Python|인터넷·IT·통신·모바일·게임>시스템분석·컨설팅·PM>인공지능(AI..."
https://kr.indeed.com/viewjob?jk=8624753c574a9d25,Lead Application Backend Developer – Mob...,BOEING 서울,,"Expertise in object oriented programming Expertise in Perl, Python, Java, Javascript, C/C+/C++, C#, .Net, html5, xml, jsp..."
https://kr.indeed.com/viewjob?jk=2625bdacef9c5d08,"Specialist Solutions Architect III, AI/M...",Amazon Web Services Korea LLC 서울,,"Spark and Hadoop. · Experienced in data processing with Python, R & SQL. · Experience with AWS services related to AI/ML..."
https://kr.indeed.com/viewjob?jk=d0ae3cf7638734ac,데이터 사이언티스트 / Data Scientist,Bagelcode 서울,,규모 데이터 처리 및 분석 [자격 요건] - 직무 관련 경력 2년 이상 (게임 업계 우대) - SQL / Python / R 등 데이터 분석 업무를 수행할 수 있는 하나 이상의 개발 언어 유경험자 - 통계 지식에 대한 이해...
https://kr.indeed.com/viewjob?jk=ed7549ec7d5c9ccd,[던전앤파이터] 2D/3D 그래픽 기술개발 부문 (TA/엔진프로그래머/툴...,네오플 서울 강남구,,TA - 3D 아트 경력 5년 이상 - 언리얼 엔진에 대한 높은 이해도를 갖추신 분 - MaxScript나 Python 을 활용한 Tool개발 능력이 있으신 분 - Material과 Lighting 등 리얼타임 렌더링에...
https://kr.indeed.com/viewjob?jk=fa32e47d04a9f932,모바일 보안,NHN 4.4 성남 판교역,,"모바일 게임 취약점 자동 점검 기술 연구/개발 - 모바일 앱 리버싱 엔지니어링 기술 - C/C++/Python 개발 경력 3년 이상 - frida, ida, gdb 활용가능 - 상용 모바일 보안 서비스 개발 경험..."
https://kr.indeed.com/viewjob?jk=b51ca785a45edf17,Senior Specialist Consultant - AI/ML,Amazon Web Services Korea LLC 서울,,"experience in software development in languages like Java, Python, Scala. Experience working with RESTful API and general..."
https://kr.indeed.com/viewjob?jk=e6ed4f83454aa0c3,Java/Jsp/Front-end/WEB 개발자,에코소프트 경기도,,및 제출서류에 허위사실이 있을 경우 채용이 취소될 수 있습니다. 인터넷·IT·통신·모바일·게임>웹프로그래밍>Python|인터넷·IT·통신·모바일·게임>웹프로그래밍>프론트엔드|인터넷·IT·통신·모바일·게임>웹프로그래밍>벡엔드...
https://kr.indeed.com/viewjob?jk=5cfcd4772110d7de,[라프텔] 서버(백엔드) 개발자,RIDI Corp 서울,,서버 개발 업무에 참여하게 됩니다. Qualifications 백엔드 개발 경력 2년 이상 고품질의 Python 코드 설계/구현 능력 웹 서버 개발에 대한 전반적인 기반 지식 Additional Information...
https://kr.indeed.com/viewjob?jk=aac8e9355cb855ac,[인재풀] 아티스트,Electronic Arts 서울,,Maya or 3D Max등의 아트웍 툴 사용 경험 - Max script 또는 Mel Script의 사용 경험 - C# 또는 Python 언어에 대한 이해 및 활용 능력 - 아트웍 관련 툴 제작 또는 플러그인 제작 경험
https://kr.indeed.com/viewjob?jk=c8a7c9c4022a3544,인프라 플랫폼 개발자,NHN godo 4.4 서울 구로구,,"운영 - NHN고도의 신규 서비스 개발 - 웹개발 경력 1년 이상 ~ 5년 이하 - PHP(주 개발언어), Python, Java 중 하나 이상 개발이 가능한 분 - Database 이해도가 높은 분 - 개발 프레임워크..."
https://kr.indeed.com/viewjob?jk=af5683389907a8c9,백엔드 개발자 (경력),크로스앵글 서울 여의도,,"데이터 관리 (Auth0) - 블록체인 지갑 인증 (Ethereum, EOS) [자격요건] - 백엔드 & Python 실무 개발경험 3년 이상 혹은 그에 준하는 능력을 갖고 있으신 분 - 새로운 기술에 대해 호기심을 갖고..."
https://kr.indeed.com/viewjob?jk=1d95b1dac345f2ca,데이터 분석 및 지표 구축,아프리카TV 성남 분당구,,"이용/소비형태/이상현상과 트렌드 변화가 궁금하신분 - 신입 / 경력 [우대사항] -SQL,Excel,R,Python 등을 이용하여 데이터 추출 또는 분석이 가능하신 분 -기계학습, Deep Learning을 이용한 예측..."
https://kr.indeed.com/viewjob?jk=35fbfe39465bd43a,데이터 분석가(팀장급),RIDI Corp 서울,,"이해 및 활용 가능 데이터에 기반한 사고 능력 비즈니스 데이터 분석 실무 경험 데이터 처리 언어 (R, Python, Scala) 사용 경험 Additional Information 우대 사항 데이터 분석팀 리딩 경험..."
https://kr.indeed.com/viewjob?jk=45194ff491600874,"주식운용본부(인덱스, 퀀트)",현대인베스트먼트자산운용 대한민국,,"개발 / 관리 - 자격 및 우대요건 · 인덱스, 퀀트펀드 운용 관련 4년 이상 경력 보유자 · VBA / Python 활용한 업무가능자 우대 · 투자자산운용사, CFA 등 자격증 보유자 우대 지원서 접수 - 기간..."
https://kr.indeed.com/viewjob?jk=cb4add65c87c626a,1분기 Software Engineer,이스트게임즈 서울 서초구,,"Objective C, Kotlin, Java, JavaScript, Python, Go. - 새로운 프로그래밍 언어를 습득하는데 어려움이 없거... C|인터넷·IT·통신·모바일·게임>응용프로그래머>Python"
https://kr.indeed.com/viewjob?jk=b574f1454ae36aab,Cross Border Ecommerce - Business Intell...,Shopee 서울,,business analyst related roles * Proficient in SQL and Python * Strong analytical skill and sensitivity to data * Strong oral...
https://kr.indeed.com/viewjob?jk=61ecdc0ef3cfb66a,[경력] 빅데이터 플랫폼 엔지니어,카카오 4.2 성남 판교역,,"원자격 <기술> 전산 전공 또는 그에 준하는 실무 경험을 갖추신 분 Java 필수, 그 외 Scala, Python, Ruby 중 1개 이상 언어로 개발 가능하신 분 하둡 플랫폼에 대한 기본 지식을 갖추신 분 하둡 클러스..."
https://kr.indeed.com/viewjob?jk=d9a8d22b38653d34,[인재풀] Central Development Services,Electronic Arts 서울,,"제안 및 구현할 수 있는 능력 - C++, C#, Java, Object C 등의 프로그래밍 언어 및 Python, Shell Scripts, Ruby 등 스크립팅 능력 - 테스트 자동화, CI 시스템 등의 개발 및 관리..."
https://kr.indeed.com/viewjob?jk=6d479593b544fa68,카카오 전체의 사용자 플랫폼 만들 서버개발자,카카오 4.2 성남 판교역,,"많으신 분 객체지향 설계, 구현 가능자 유연한 사고와 지속적인 성장을 추구하는 개발자 우대사항 Ruby, Python 활용 능력 모바일(Android, iOS)개발 경험 웹 Front 개발 경험 창의적 문제해결 능력과 열정..."
https://kr.indeed.com/viewjob?jk=44f19e7d6e0af345,임베디드 S/W 개발 및 머신러닝 개발,와이앤지 서울 강남구,"월급 2,800,000원 - 3,000,000원","영상처리 (딥러닝, 객체분류 등) 경험 보유 - Computer Vision 관련 전공 우대 - C/C++/Python 사용 가능자 우대 *전공 전기전자/컴퓨터공학 관련분야 상세모집요강 접수기간/방법 시작일 2020.1..."
https://kr.indeed.com/viewjob?jk=59e5ed1c3c1ff691,빅데이터 엔지니어 경력직(정규직),신한에이아이 서울 영등포구,,"Impala 등) [우대사항] - 도커/쿠버네티스 운영 경험 - 인프라에 대한 이해 - 프로그래밍 역량 (Python, Scala, R 등) - 수학, 통계, 공학 전공 0 명 원서접수 접수기간 상시채용 접수방법 인터넷..."
https://kr.indeed.com/viewjob?jk=de210ffb5a9ee0c4,카카오톡 신규 서비스 서버 개발자,카카오 4.2 성남 판교역,,"구조 개선, 운영 경험 데이터베이스와 캐시 연동 (Redis, memcached, MySQL 등) Kotlin, Python 언어 경험 네트워크 프로그래밍 경험 MQ, Kafka, Elastic Search 등의 도입, 연동..."
https://kr.indeed.com/viewjob?jk=165a96a7cde2883a,HTA Excellence Manager,Roche 서울,,"Expertise... least one of MS Excel... VBA), R, SAS, Python, WinBUGS, JAGS or other relevant statistical software 3..."
https://kr.indeed.com/viewjob?jk=385c58c7ced1d77b,데이터 사이언티스트 지향하는 데이터 엔지니어,카카오 4.2 성남 판교역,,"Spark 등 빅데이터 분석 플랫폼을 사용하여 대용량 데이터의 수집,가공이 가능한 분 프로그램 개발(Java, python 등) 기술을 보유하신 분 직무 관련 경력 2년 이상 어떤 일이라도 중요하게 여기며 책임감 있게 진행할..."
https://kr.indeed.com/viewjob?jk=39834f5337a56072,Sr. Data Architect - Data Lakes & Analyt...,Amazon Web Services Korea LLC 서울,,"one or more programming languages (Java, JavaScript, Python, etc). · Current hands-on implementation experience required..."
https://kr.indeed.com/viewjob?jk=1b68be0d8cba9f3e,Sales Manager (Born in the Cloud),Hewlett Packard Enterprise 3.7 서울,,"경력자 스타트업 기업의 운영 및 비즈니스에 대한 이해 프로그래밍에 대한 지식 및 이해 (python, jupiter, github 등) University or Bachelor's degreeDirectly related..."
https://kr.indeed.com/viewjob?jk=281fb1cb3dff0cf8,글로벌&모바일 플랫폼 운영을 담당할 를 합니다.,Nexon 성남 분당구,,"Python, Ansible, Terraform) 지원자격 - 운영 관련 경력 3년 이상 - 대고객 서비스 리눅스(Redhat, Devian) 운영 경험자 :운영 자동화 >Shell Script, Python..."
https://kr.indeed.com/viewjob?jk=6c1d50662fa2d7f7,서울 강남구 인썸니아 시니어 개발자 및 퍼블리셔,인썸니아 서울 서초구,,"개발자] 1) 경력: 3~5년차 2) skills: Rails, Python, Django, Node, react 중 한가지 이상 3) 연봉... Django, angular JS, Python 등을 능숙하게 사용하시는..."
https://kr.indeed.com/viewjob?jk=ffd9cedb23e97344,파이썬SW 금융분야 특화 챗봇 개발 함께 할 엔지니어,파운트 서울 충정로역,,"처리 과정을 Python language로 구현 - Big data 처리를 위한 SW 개발 - Backend SW 구현, Messenger interface, DBMS I/F 구현 Requirement - Python..."
https://kr.indeed.com/viewjob?jk=3dfef7947760ac10,핑크퐁 애니메이션 제작실 채용,스마트스터디 서울 서초동,,및 주니어(1-2년차) -리깅에 관심과 열정이 있는 분 -마야툴에 대한 이해도가 높은 분 -프로그래밍(Python) 언어에 관심이 있는 분 -애니메이션 프로젝트 리깅에 경험이 있는 분(우대) 프로젝트 <명탐점 핑크...
https://kr.indeed.com/viewjob?jk=ea3b136c0ff59524,데이터분석가(게임어뷰징 탐지),Nexon 성남 분당구,,"시스템 운영 등의 빅데이터 활용 업무경력) - 논리적이고 체계적인 문제 해결 및 커뮤니케이션 능력 - Python, Scala 등과 같은 프로그래밍언어로 데이터 분석 및 모델링 능력 (탐색적 데이터분석/ 데이터 전처리..."
https://kr.indeed.com/viewjob?jk=596eb018c75e8cf4,국내 통신사 광고서비스 개발 PM,드래곤에이치알 서울 마포구,,인터넷·IT·통신·모바일·게임>응용프로그래머>iOS|인터넷·IT·통신·모바일·게임>웹프로그래머>PHP |인터넷·IT·통신·모바일·게임>웹프로그래머>Python|인터넷·IT·통신·모바일·게임>웹기획·웹마케팅·PM>PM
https://kr.indeed.com/viewjob?jk=6923904fcc788570,데이터베이스 설계 및 데이터 분석,토이스미스 서울 마포구,"연봉 30,000,000원 - 35,000,000원","운용/관리 가능 - 데이터 분석 업무를 수행할 수 있는 하나 이상의 언어 스킬 필수 (예. SQL, Python, R 등) - 어떤 일이라도 중요하게 여기며 책임감 있게 진행할 수 있으신 분 - 자신의 생각을 명확히..."
https://kr.indeed.com/viewjob?jk=8af26b37623864c4,8퍼센트 개발자 (신입/경력),8퍼센트 서울 종로구,,개발 금융 데이터 분석과 분석 플랫폼 운영 자격요건 컴퓨터 전공자 또는 웹 개발 경력 1년 이상 우대사항 Python 코드를 무리 없이 읽으실 수 있는 분 Linux/Mac 사용 가능한 분 새로운 기술에 대한 호기심을 가지신...
https://kr.indeed.com/viewjob?jk=1748baa27965fdbf,"MVP 개발 엔지니어(서버, 웹프론트) (정규직, 계약직, 프리랜서)",더테스터 대전 중구,,1년 이상의 서버 개발 경험 · 아래 옵션 중 하나의 기술 스택 사용 - JAVA기반의 Spring - Python 기반의 Django - Ruby 기반의 Rails 우대사항 · 팀단위로 프로젝트를 수주해본 적 있는...
https://kr.indeed.com/viewjob?jk=1f542078927eb1e4,Data Center Technician,Amzn Corporate Services Korea 서울,,"스크립팅 기술 - Bash, Python, Perl 등 보유자 · 프로젝트... vendors · Scripting skills - Bash, Python, Perl, etc. · Project coordination..."
https://kr.indeed.com/viewjob?jk=8f0dfcd582982dcb,멜론 서비스 데이터 분석 및 개발자,카카오 4.2 성남 판교역,,이거나 데이터 사이언스 직무 경력 1년 이상 데이터 분석에 필요한 대용량 데이터 처리 SQL 구현 능력과 Python 또는 Java 개발 경험과 이해도가 높은 분 맡은 업무에 책임감이 강하고 업무의 과정과 결과를 설득력 있게...
https://kr.indeed.com/viewjob?jk=d57b19564ea05138,데이터인프라개발팀 - 데이터 플랫폼 엔지니어,Nexon 성남 분당구,,"분산 시스템을 시작부터 운영까지 스스로 개발해본 분 - C++ / C# / JAVA / Scala / Python 언어 중 한가지 이상의 언어를 능숙히 사용하시는 분 - 자료구조, 알고리즘, 데이터베이스, 분산처리 등..."
https://kr.indeed.com/viewjob?jk=6ecc8058c1538843,데이터플랫폼실 - Software Engineer,Nexon 성남 분당구,,"Spark, Hadoop) 설계 및 성능개선 지원자격 - C++/ C# / JAVA / Scala / Python 언어 중 한가지 이상의 언어를 능숙히 사용하시는 분 - 빅데이터 플랫폼을 활용하여 데이터 처리한 경험이..."
https://kr.indeed.com/viewjob?jk=5faf4a69ab8c86ca,[FEG] 리버스 엔지니어,창운코리아 서울 구로구,,"라이언트 분석이신 분 - 보안 분야 혹은 시스템 프로그래밍 실무 또는 프로젝트 경력 2 년 이 상 - Python, Ruby 등 스크립트 언어가 가능하신 분 - 크로스 플랫폼 ( 도우 , 맥 , 리눅스 ) 혹은 각 플랫..."
https://kr.indeed.com/viewjob?jk=604de7caa5f65310,"Specialist Solutions Architect III, Anal...",Amazon Web Services Korea LLC 서울,,"Knowledge... least one or more programing languages... Python, Java and Scala. · Hands on experience leading large..."
https://kr.indeed.com/viewjob?jk=b1e0d3f296271c85,"[정규직] 인공지능(AI) ML engineer, Data Scienti...",마인즈앤컴퍼니 서울 강남구,,"무관 (신입도 지원 가능) - Python 등의 프로그래밍 언어를 자유자... 컴퓨터 관련 전공자 수준의 프로그래밍 역량(Linux/Shell, Python) - 최신 ML알고리즘과 딥러닝에 대한 깊은 이해 - Deep..."
https://kr.indeed.com/viewjob?jk=3292e81e43884c67,Web 개발(이커머스 파트)_PHP/CodeIgniter/Javascri...,버드뷰 서울 마포구,,익숙하신 분 개발 환경 - Mysql - PHP / CodeIgniter - Javascript - Python / Django - Git / Github / Git flow 업무 역량 (1) 문제인식 주어진 상황이나...
https://kr.indeed.com/viewjob?jk=3e757382342b3c98,매칭팀 - 프로그래머,Nexon 성남 분당구,,"다양한 기술을 활용한 매칭 알고리즘 & 시스템 개발 지원자격 - (필수) 한 가지 이상의 개발 언어(Python, C++, C#, Go 등)에 숙련된 프로그래밍 능력 - (필수) 새로운 기술에 대한 흥미와 열정이 있으신..."
https://kr.indeed.com/viewjob?jk=e787fde04b998e1a,이상탐지팀 - 서비스 개발자,Nexon 성남 분당구,,"대용량 데이터를 요청에 맞게 전달하는 API 개발 - AWS 인프라 구축 및 운영업무 지원자격 - python, node.js, C#, Java등 한 가지 이상의 언어를 능숙히 사용 가능하신 분 - 관련 분야 5년 이상..."
https://kr.indeed.com/viewjob?jk=60e975b1bd9f6659,[한국하니웰] HBT 사업부 Technical Support Specia...,한국하니웰 서울 마포구,,니다. 인터넷·IT·통신·모바일·게임>응용프로그래머>C·C++|인터넷·IT·통신·모바일·게임>응용프로그래머>Python|인터넷·IT·통신·모바일·게임>응용프로그래머>Visual C++(MFC·ATL)|인터넷·IT·통신·모바...
https://kr.indeed.com/viewjob?jk=d71794dc69947981,소프트웨어 엔지니어,Nexon 성남 분당구,,주요업무 - 넥슨 글로벌 플랫폼의 게임 클라이언트 배포 시스템 및 어플리케이션 개발 지원자격 - C++ 혹은 Python 프로그래밍 언어 능숙자 - 비동기 및 병렬처리 프로그래밍 경험 우대사항 - Modern C++ (11...
https://kr.indeed.com/viewjob?jk=930a6a7d80e095bc,Cloud Support Engineer - Developer and M...,Amazon Web Services Korea LLC 서울,,developing... least one... following languages: · Python · Ruby · PHP · Java · .NET (C#) · JavaScript · iOS (Objective...
https://kr.indeed.com/viewjob?jk=842eea1379230eed,백엔드 소프트웨어개발자(정규직),데이터킹 안양 동안구,"연봉 30,000,000원",모집직종> - 백엔드 개발자 1명 (마이크로소프트 Azure 운용) <경력조건> - JAVA스크립트 또는 Python 활용 - 스프링 또는 Node Js 프레임워크 활용 - Restful API에 대한 이해와 실무 경험...
https://kr.indeed.com/viewjob?jk=6718bba08ef6e20b,모바일 앱 보안 솔루션 개발부문,스틸리언 서울 용산구,,"Android/iOS 모바일 앱 보안 제품입니다. - 앱수트는 C, Python 등을 통해 주로 개발합니다. - 앱수트 제품군에는 위변조 방지, 난독... 2) - Objective C, Python, C언어, Swift 개발..."
https://kr.indeed.com/viewjob?jk=692486e7a2b0522e,인프라 관리/운영 웹 애플리케이션 개발자,Nexon 성남 분당구,,"인프라 프로비저닝 및 배포 자동화 웹 애플리케이션 개발 지원자격 - 전체 개발 경력 3년 이상 - Python , Go 등의 서버 사이드 개발 경력 - RESTful API에 대한 이해 - Javascript..."
https://kr.indeed.com/viewjob?jk=290c0ba6000fa4a5,대기업 영상보안 네트워크 프로토콜 SW 개발 정규직,인파트너스 서울 서초구,"연봉 60,000,000원 - 70,000,000원","네트워크 스트리밍, 네트워크 보안 웹 프로그래밍 - CGI / Python / PHP / HTML5 / Javascript 멀티미디어 프로그래밍... 통신·모바일·게임>웹프로그래머>Python|인터넷·IT·통신·모바일·게임..."
https://kr.indeed.com/viewjob?jk=7d4818a8b705af0f,각 부문 신입 및 경력 직원,제일엔지니어링 서울,,"텍스터마이닝 등) - 통계, 컴퓨터, 데이터, 도시 관련 전공자 또는 그에 상응하는 지식 보유자 - Python, R 등을 활용할 수 있는 컴퓨터언어 능숙자 - 데이터베이스 연계 프로그래밍 능숙자 - 도시 관련 관심..."
https://kr.indeed.com/viewjob?jk=62d8726bc5e89cf8,"딥러닝, 인공지능(AI) 외 경력 정규직",블록체인씨앤에스 서울 성동구,,"경험 - AI(M/L, D/L) 기반 다양한 모델 개발 경험자, Python/Tensorflow 활용 경험자 병역특례자 00 명 근무조... 머신러닝(ML)|인터넷·IT·통신·모바일·게임>응용프로그래머>Python"
https://kr.indeed.com/viewjob?jk=f96c6c892a013cf0,(주)엘솔루 웹개발자,㈜엘솔루 서울,,Javascript / React / Python / NodeJS 개발... Stack 개발 유경험자 ㆍJavaScript / React / Python / Node.js 개발 유경험자 ㆍNode.js 개발 유경험자 ㆍ...
https://kr.indeed.com/viewjob?jk=97cbec2398519f10,[링크업] 글로벌 ERP회사인 Odoo 웹 개발자.,링크업 서울 마포구,"연봉 35,000,000원","마포대로 10층 인근지하철 직무내용 [직무내용] ERP, 솔루션 개발 및 분석 설계 [직무요구능력] 1. Python 프로그래밍 ( 2년 이상 ) 2. Django ( 2년 이상) 2. HTML5 웹개발 경험 ( 2년 이상..."
https://kr.indeed.com/viewjob?jk=d6c05c588971df5a,백엔드 파운트 시스템 엔지니어 (현재 급여수준 이상 보장),파운트 서울 충정로역,,"경험 - Linux명령어 및shell스크립트 작성 능숙 우대사항 - Python, Java등을 이용한 프로그래밍 경험 네트워크및 서버에 대한 표준화... 립트 작성 능숙 우대사항 - Python, Java등을 이용한 프로그래..."
https://kr.indeed.com/viewjob?jk=d850fdb89fc30bc9,Linux 기반 시스템 소프트웨어 1인 및 응용소프트웨어 개발자 1인.,엔엑스테크 수원 장안구,"연봉 40,000,000원","웨어 개발 담당자 1인입니다. 개발 도구로는 C/C++, JAVA, Python 등을 사용합니다. 현업에서 자료구조를 폭넓게 설계/활용하는 프 경력... 기타( C/C++, JAVA, Python 등 소프트웨어 개발도구 활용..."
https://kr.indeed.com/viewjob?jk=a6d0f0030a9ad230,링크샵스 플랫폼 개발 및 유지보수 담당,링크샵스 서울 중구,,"알고리즘 모델링 및 적용 경험 [우대사항] • 인공지능, 머신러닝(기계학습), 빅데이터 관련 석사 우대 • Python, Tensorflow, Keras 경험자 우대 • 대용량 서비스 및 데이터 처리 경험자 우대 • 이미치..."
https://kr.indeed.com/viewjob?jk=383d4c8a7156b52b,[카카오 클라우드] 플랫폼 포털 개발자,카카오 4.2 성남 판교역,,"기본 조건] 개발 경력 3년 이상 웹서비스를 구성하는 기술에 대한 이해 Java, JavaScript, Python 중 한 가지 언어를 능숙하게 사용할 수 있으신 분 [우대사항] 프론트엔드 개발 경력 3년 이상 IAM..."
https://kr.indeed.com/viewjob?jk=32f06486dc059c80,[대기업금융사] 자연어처리/텍스트분석 박사학위 소지자,FN executive search 서울,,"박사급 - 기업내 텍스트분석 경험 보유자 - 자연어 처리, Text Analytics, ML/DL - Python, Java, SQL 능력 - 관련 자격증, 논문, 특허 보유시 우대 [고용형태] 정규직 [급여조건..."
https://kr.indeed.com/viewjob?jk=d9470ee259f7457b,Cloud Infrastructure Architect,Amazon Web Services Korea LLC 서울,,"e.g. Powershell, Python, Bash, Ruby, Perl... Ansible 등 구성 관리 플랫폼 경험 · Powershell, Python, Bash, Ruby, Perl 등의 스크립팅 기술 · Linux 및..."
https://kr.indeed.com/viewjob?jk=afe646a0c981b2f3,시스템 엔지니어링 인턴(정규직 전환가능),알테어엔지니어링 성남 분당구,,필수요건 -Python사용가능자 -Linux사용 가능자 우대사항 -Job... 대학교(4년)졸업 연령: 무관 성별: 무관 기타: 필수요건 -Python사용가능자 -Linux사용 가능자 우대사항 -Job scheduling...
https://kr.indeed.com/viewjob?jk=8ae7c240ef7d5f0b,카카오 분석 플랫폼 경력 개발자,카카오 4.2 성남 판교역,,"지원자격 대용량 데이터에 대한 실시간/배치 서비스 개발 운영 경험이 있으신 분 개발 경력 2년 이상 python, scala, druid, hadoop 등 다양한 환경에 적응 가능한 분 어떤 일이라도 중요하게 여기며 책임감..."
https://kr.indeed.com/viewjob?jk=8ecfa917c8db39be,풀스택 엔지니어 경력,코리아서버호스팅 서울 서초구,,"업부설연구소 자격요건 신입, 경력 우대사항 컴퓨터/시스템공학 정보처리기사/정보보안기사 PHP, Python, nodejs 가능자 우대 ELK 사용경험 Openstack 사용경험 Linux 사용경험 지원자격 학력..."
https://kr.indeed.com/viewjob?jk=5ff17b27cd83a1c0,네트워크 자동화 개발자,Nexon 성남 분당구,,"찾고 있습니다. 지원자격 - python 2년이상 개발 경력 - WEB... 발경험 - 자동화를 위한 스크립트(powershell, bash, python 등) 경험 - Windows, Linux 등 서버 OS에 대한 기본..."
https://kr.indeed.com/viewjob?jk=56fa725ee29b55bb,빅데이터사업부 웹 개발자,테라젠이텍스 바이오지점 수원 영통구,,생명과학|전자·기계·기술·화학·연구개발>연구원·연구개발>자연과학|인터넷·IT·통신·모바일·게임>웹프로그래밍>Python|인터넷·IT·통신·모바일·게임>웹프로그래밍>ASP|인터넷·IT·통신·모바일·게임>웹프로그래밍>JSP|인터...
https://kr.indeed.com/viewjob?jk=0fb2aa38f1fb2af2,글로벌 여행 스타트업 Trazy - 백엔드 개발자,트레이지(Trazy) 서울 종로구,,통신·모바일·게임>게임 기획·개발·운영>서버·네트워크개발|인터넷·IT·통신·모바일·게임>웹프로그래밍>벡엔드|인터넷·IT·통신·모바일·게임>웹프로그래밍>Python|인터넷·IT·통신·모바일·게임>전산·IT기술지원>IT기술지원
https://kr.indeed.com/viewjob?jk=c13abffb44505877,NXLog팀 - 소프트웨어 엔지니어,Nexon 성남 분당구,,"스키마 설계/관리/모니터링에 필요한 솔루션 개발. 지원자격 - C++ / C# / JavaScript / Python / GO 언어 중 한가지 이상의 언어를 능숙히 사용하시는 분. - 자료구조, 알고리즘, 데이터베이스 등..."
https://kr.indeed.com/viewjob?jk=4a426e3ffacd161c,이상탐지팀- 웹프로그래머,Nexon 성남 분당구,,"C# / Python 언어 중 한 가지 이상의 언어를 능숙히 사용하시는 분 - 자료구조, 알고리즘, 데이터베이스 등 프로그래밍 기초지식을 지니신 분 * 사용기술 - AWS, Linux - Python, Spark..."
https://kr.indeed.com/viewjob?jk=61f77867c101a6fe,교보악사자산운용 해외투자 사원,교보악사자산운용 대한민국,,"국어 우대) 3) 투자자산운용사, CFA, FRM 자격증 보유자 우대, 통계패키지(R) 또는 프로그래밍 툴(Python) 사용 능력 우대 (전공 불문) 4) 국가유공자 우대 3. 담당업무 해외투자펀드 운용 업무 보조 해외투..."
https://kr.indeed.com/viewjob?jk=536bc2ce13d4553c,C#개발자[고급/강남/프로젝트],비전잡 서울 강남구,,"부문 담당업무 자격요건 프로그래머 ※ C# 1명, C/파이썬(python) 1명 - 프로그램 개발 : 고급 - 영상처리 분야 경험자 우대... 통신·모바일·게임>응용프로그래머>Python|인터넷·IT·통신·모바일·게임..."
https://kr.indeed.com/viewjob?jk=042dbc3e588374c3,[국내금융대기업] 머신러닝 알고리즘 개발 (과장급 이상),FN executive search 서울,,"Python기반 ML/DL기법 활용역량 보유 (PyTorch, Tensorflow 등 ML/DL관련 Lib.활용) - 정형 및 비정형 데이터 분석 경험 - 머신러닝/딥러닝 알고리즘 구현 기술 이해 - Python..."
https://kr.indeed.com/viewjob?jk=374bda8f684637a4,[서비스대응팀] 시스템엔지니어,심플렉스 서울 동작구,,설계 및 개발 - 다양한 오픈소스 구축 및 운영 자격요건 - 3년 이상 경력 - Shell 스크립트 및 Python 프로그래밍 - 대규모 인프라 운영 경험 - 오픈소스 구축 및 운영 경험 - 타부서와의 원활한 커뮤니케이션...
https://kr.indeed.com/viewjob?jk=464ef95516a5fa5c,8퍼센트 경력 개발자,8퍼센트 서울 종로구,,"개발업무 - 금융 서비스 개발 - Python/Django 기반 - 정해진 역할이 아닌 기능에 따른 업무 분배 - 프로트엔드부터 백엔드까지 업무 범위... SQL 기본 - git flow - python, django 경험자 우대"
https://kr.indeed.com/viewjob?jk=2b1c5b35b97700fc,인프라 플랫폼 개발자,고도소프트 서울 구로구,,"NHN고도의 신규 서비스 개발 자격요건 - 웹개발 경력 1년 이상 ~ 5년 이하 - PHP(주 개발언어), python, java중 하나 이상 개발이 가능한 분. - Database 이해도가 높은 분 - 개발 프레임워크 사용..."
https://kr.indeed.com/viewjob?jk=e010f7780d479126,검색서비스 서버 개발 신입/경력,포티투마루 서울 봉천동,,"성별 : 무관 - 모집인원 : 0명 [기술 지원자격] - Linux 환경 개발 경력 - C/Java/Python 개발 경력 - 서버 개발/운영 경력 [우대사항] - 자연어처리, 정보검색, 기계학습, 데이터 마이닝..."
https://kr.indeed.com/viewjob?jk=88b7dece067cd1c6,AI Algorithm Developer,펄핏 서울 강남구,,"원합니다. - 자격요건, 어떤 조건이 필요한가요? 컴퓨터 공학 분야 MS 또는 PhD 학위 소지 C/C++/python, software design, AI algorithms 에 대한 전문적인 지식 소지 원활한 의사소통..."
https://kr.indeed.com/viewjob?jk=800ae9a4841c392c,[Back-end] 신규 커머스 플랫폼 개발,아이오앤코코리아 서울 강남구,,Python 사용 경험자 (또는 Python으로 전향 가능자) - RDBMS 사용 경험자 주식회사 아이오앤코코리아 모집부문 및 자격요건 담당업무 자격요건 인원 [담당업무] 플랫폼 Backend-end (Python...
https://kr.indeed.com/viewjob?jk=7adfd2b51f057d3a,경력사원 수시,두산 정보통신 서울,,"5년 이상 3. 기업의 AI, Machine Learning 관련 프로젝트 수행경험 4. SAS, R, Python, SQL 등 하나 이상의 분석언어 숙련자 5. Tensorflow, Keras 등 ML 툴 사용 가능자..."
https://kr.indeed.com/viewjob?jk=578484a18909b268,"(주)탱고드론 기술연구소 (드론제작 HW, 드론솔루션 SW)",탱고드론 서울 마포구,"연봉 25,000,000원 - 30,000,000원",전자·기계·기술·화학·연구개발>기계·금속·재료>기술연구소|인터넷·IT·통신·모바일·게임>응용프로그래머>C·C++|인터넷·IT·통신·모바일·게임>응용프로그래머>Python|서비스·여행·숙박·음식·미용·보안>여행·레저>드론
https://kr.indeed.com/viewjob?jk=dcafe087f86aaa47,경력사원 수시,두산 디지털이노베이션 서울,,"5년 이상 3. 기업의 AI, Machine Learning 관련 프로젝트 수행경험 4. SAS, R, Python, SQL 등 하나 이상의 분석언어 숙련자 5. Tensorflow, Keras 등 ML 툴 사용 가능자..."
https://kr.indeed.com/viewjob?jk=e5fa9b6594f634fb,데이터분석 플랫폼 설계.개발.운영(대리-과장급) 초빙 - 유명 유통사,로이스에이치알 서울,,"Tool 운영. 개발 능력 . 통계-Tool (R, SAS 등)과 Python 등의 언어활용 능력 . DW, DM, OLAP 등 데이터 분석 인프라에... Tool (R, SAS 등)과 Python 등의 언어활용 능력 . DW..."
https://kr.indeed.com/viewjob?jk=ad07d6a330fb619a,TOAST Cloud 운영 및 기술지원,NHN 4.4 성남 판교역,,"Linux, Microsoft Solutions 등) - 2년 이상의 개발 경험 (Java, Python 등) - 기술 문서 작성 및 가이드 경험이 풍부한 자 - 대외 고객 기술 지원 경험 - Windows..."
https://kr.indeed.com/viewjob?jk=49335253c9d14ed4,Software Engineer,Nexon 성남 분당구,,"데이터 분석 알고리즘 개발 지원자격 - 관련 직군 2년 이상 경력 - 웹어플리케이션 개발 경력 - Python, C#, Java 중 최소 1개 언어에 대한 경험이 있는 분 - SQLServer, Mysql과 같은..."
https://kr.indeed.com/viewjob?jk=46eab2386d752226,[해외취업] SMALL WORLD ios/Android 프로그래머 경력자...,SMALL WORLD 대한민국,"연봉 40,000,000원 - 60,000,000원","JLPT N2이상 (일상회화 수준이상) 또는 영어가능자 (일상회화 수준이상) 우대사항: javascript, Python , PHP, C#, C++, Java , Swift , React.js 중의 활용한 개발 경험 AWS..."
https://kr.indeed.com/viewjob?jk=c499b3dde5c2e196,데이터인프라개발팀 - 데이터 엔지니어,Nexon 성남 분당구,,Python 등을 활용한 데이터 가공 및 라이브러리 개발 - 데이터 파이프라인 개발 지원자격 - 클라우드 환경에서 데이터 파이프라인을 만들고 활용해보신 분 - C++ / C# / JAVA / Scala / Python...
https://kr.indeed.com/viewjob?jk=952e0a8d9bac4aea,고성능 게임 피드백 서버 개발,Nexon 성남 분당구,,"및 ML 알고리즘을 실행 하는 서버 개발 지원자격 - (필수) 한 가지 이상의 개발 언어(C++, C#, Python 등)에 숙련된 프로그래밍 능력 - RESTful API 및 TCP/UDP 서버 개발 경험 및 네트워크와..."
https://kr.indeed.com/viewjob?jk=8bffa73ce837a7ed,JAVA기반 응용SW개발자 양성과정 훈련교사,중앙직업전문학교 대구 중구,,"모집분야 : 정보통신, JAVA, 머신러닝, C#, R, MySQL, Python, 인공지능(AI), 빅데이터 훈련교사, 교사, 강사 학력 : 초대졸... 신러닝, C#, R, MySQL, Python, 인공지능(AI), 빅데이터..."
https://kr.indeed.com/viewjob?jk=818454fcfd4139a3,(주)브이드림 개발팀 경력직,브이드림 부산 수영구,,바일·게임>응용프로그래머>클라우드|인터넷·IT·통신·모바일·게임>응용프로그래머>인공지능(AI)|인터넷·IT·통신·모바일·게임>응용프로그래머>Python|인터넷·IT·통신·모바일·게임>네트워크·서버·보안>네트워크구축·운영·관리
https://kr.indeed.com/viewjob?jk=5ee29e41129934a3,파이썬 중급개발자,퓨쳐위즈 서울 강남구,,"우대사항 - Django 유경험자 - 외국어 : TOEIC - 전공 : 전산학/컴퓨터공학, 응용소프트웨어공학 인터넷·IT·통신·모바일·게임>웹프로그래밍>Python"
https://kr.indeed.com/viewjob?jk=9610a215e43c2810,다크어벤저3 서버프로그래머 (경력3년이상),Nexon 성남 분당구,,"게임 개발 초기부터 상용화까지 경험이 있으신 분 - 웹 개발 가능하신 분 (node.js 또는 Java, Python 웹프레임워크 사용 경험) 기타사항 - 국가보훈대상자는 관련법규에 의거, 우대합니다. - 서류 심사 통과..."
https://kr.indeed.com/viewjob?jk=100bfdb71c3c4fde,모바일앱 분석툴 유저해빗 웹개발자,유저해빗 서울 마포구,,설계 및 구축 <자격요건> - Python 혹은 Java 웹 개발 경력 2-3년 혹은 이에 견주는 실력 (Python 우대) - DBMS 쿼리를... 통신·모바일·게임>웹프로그래밍>Python|인터넷·IT·통신·모바일·게임...
https://kr.indeed.com/viewjob?jk=b4e795fb8e6fd0ed,"IT 기획, 운영 (대리-과장급) 초빙 - 유명 유통사",로이스에이치알 서울,,"에 대한 이해도 . 프로젝트 관리 (PMP 등), 프로그래밍 언어 (Python, Java 등), RDBMS (OCP 등) 관련 자격증 우대 . 영어... PMP 등), 프로그래밍 언어 (Python, Java 등), RDBMS..."
https://kr.indeed.com/viewjob?jk=0f4c80aa34dcc680,(네이버계열사)(NIT Service)네이버 클라우드 플랫폼 기술지원,엔아이티서비스 성남 삼평동,,"클라우드 서비스 운영 경험 (AWS, Azure, KT Cloud 등) - Shell Script, Python 활용 가능 O명 근무조건 - 근무형태 : 정규직 - 근무지역 : 경기 성남시/분당구 전형절차 - 서류전형..."
https://kr.indeed.com/viewjob?jk=2a1d77bd91952093,(주)엘솔루 개발자,㈜엘솔루 서울,,"필수사항] ㆍ프로그래밍에 재능 및 열정이 있는 자 ㆍJava, Python 중 하나 이상의 언어사용자 ㆍ자료구조 지식이 있는 자 ㆍ학력... 머신러닝(ML)|인터넷·IT·통신·모바일·게임>응용프로그래머>Python"
https://kr.indeed.com/viewjob?jk=6f88041c28b6c1ae,한글 Q&A 시스템 연구 개발 신입/경력사원,포티투마루 서울 봉천동,,"중(9월예정) [지원자격] - 4년제 대학교 졸업 (전산관련학과 이수 또는 그에 상응하는 교육이수자) - Python, Java, C/C++ 등으로 개발 가능하신 분 - Unix/Linux 시스템에 대한 이해가 있으신 분..."
https://kr.indeed.com/viewjob?jk=1241d1e756b15ce4,[배민서비스실] 검색서비스 개발자,우아한 형제들 서울 송파구,,"분 - AWS를 활용한 개발, 운영 경험이 있으신 분 - 빌드/테스트/배포 자동화 경험이 있으신 분 - Python 개발 경험이 있으신 분 - Hadoop, Spark 등 오픈소스 플랫폼 활용 경험이 있으신 분 - 다양한..."
https://kr.indeed.com/viewjob?jk=cac18e6bcbee5a21,Front end 개발자,브릭 성남 분당구,,"ElasticSearch 사용 언어 (빈도수 순) : Java, C#, Javascript, Scala, Python, R, C++ 7. 근무 조건 근무장소 : 경기도 성남시 분당구 판교역로 230, 309호(삼환하이펙스..."
https://kr.indeed.com/viewjob?jk=7a837beac7ac8bcd,"Partner Solutions Architect III, Analyti...",Amazon Web Services Korea LLC 서울,,"Knowledge... least one or more programing languages... Python, Java and Scala. · Hands on experience leading large..."
https://kr.indeed.com/viewjob?jk=f8ee4cfdf4dd6934,성장하는 핀테크 스타트업 BackEnd Developer 경력직,웨이브릿지 서울 강남구,,"적인 사고 및 알고리즘을 좋아하시는 분 Java, Spring 및 Design Pattern 에 대한 이해 Python 데이터 분석 및 웹개발 경험 RESTful API 서버에 대한 이해 및 구현 능력 기본적인 SQL문 작성..."
https://kr.indeed.com/viewjob?jk=ea2cf2a5e929b0ee,TOAST Cloud 플랫폼 및 서비스 개발,NHN 4.4 성남 판교역,,"5년 이상의 Java 개발 경력 - 다양한 프로그래밍 언어 구사 (C++, Javascript, Python 등) - 클라우드 서비스 개발 경험 - 각종 오픈소스 NoSQL 스토리지, 검색엔진의 응용 개발 경험..."
https://kr.indeed.com/viewjob?jk=9b09565fe78ef392,DX혁신부문 Tech Lab Senior Machine Learning...,이투스교육 서울 강남구,,"분 - 일반적인 백엔드 시스템 설계 및 개발 - ML/AI 시스템 아키텍쳐 설계 경험 - Python, scala, R 등 ML 및 통계 관련 언어 사용 경험 - 머신러닝 프레임워크 경험자 (TensorFlow..."
https://kr.indeed.com/viewjob?jk=22ea43afd8105577,"WEb 개발자 경력 정규직, 프리랜서",케이포시큐리티 서울,,로그래밍>ASP|인터넷·IT·통신·모바일·게임>웹프로그래밍>PHP |인터넷·IT·통신·모바일·게임>웹프로그래밍>JAVA|인터넷·IT·통신·모바일·게임>웹프로그래밍>Python|인터넷·IT·통신·모바일·게임>웹프로그래밍>벡엔드
https://kr.indeed.com/viewjob?jk=194a28e271f583b3,[정규직/본사근무] PHP 웹 개발자 (경력),이랜서 서울 강남구,,"PhpStorm, Codeigniter, Mobile Web, Bootstrap, REST API, Python, goLang, CentOS, SVN - Java기반 웹 기술 보유 (Spring, JSP 등) - 웹..."
https://kr.indeed.com/viewjob?jk=6b86ea39985912b6,TOAST Cloud 사업기획/영업,NHN 4.4 성남 판교역,,"Linux, Microsoft Solutions 등) - 2년 이상의 개발 경험 (Java, Python 등) - 기술 문서 작성 및 가이드 경험이 풍부한 자 - 대외 고객 기술 지원 경험 공통지원자격..."
https://kr.indeed.com/viewjob?jk=16dff836029458af,"모바일 앱 서버 개발(Java, Python)",휴먼디지털 서울,,"Python) 자격조건 - 정보시스템 설계 및 데이터 마이닝용 시스템 설계. - 모바일 앱 서비스용 서버 API 설계 및 개발. - 주소록 동기화, Confirmed Push 경험 하신 분 우대. - 자바, Python..."
https://kr.indeed.com/viewjob?jk=6863b8ecbee9cb28,Big Data Engineer,휴먼디지털 서울,,"DB, Network, Computer - Architect 관련 지식 보유자 - Shell script/python/Java/MySQL - 활용 가능자 - 개발을 좋아하고 새로운 기술을 - 배움이 즐거운 자 - Front..."
https://kr.indeed.com/viewjob?jk=8fc5722cb9223fea,Solutions Architect III - AWS Korea,Amazon Web Services Korea LLC 서울,,"operating solutions built on AWS · Knowledge of multiple, modern development languages... Ruby, Python and Node.js"
https://kr.indeed.com/viewjob?jk=d79e70207b12a400,퍼포먼스 마케터 (SA 중심),Soomgo 서울 강남구,,"Google Analytics, Amplitude/Mixpanel 등 분석툴 사용하신 분 • SQL, Python 등 데이터 분석 능력 있으신 분 [숨고멤버 Join] • 서류전형 : 이력서(자기소개서) & 포트폴리오..."
https://kr.indeed.com/viewjob?jk=d498993697237b33,AI(인공지능) 개발자,휴먼디지털 서울,,를 활용한 Machine Learning(Deep Learning) 개발 경험자 우대 3. C/C++/C#/Python 등 프로그래밍 경험자 우대 4. 분산시스템에 대한 이해가 있는 분 우대 근무지 서울 연봉 회사내규에따름...
https://kr.indeed.com/viewjob?jk=eb524bae20ec458a,가상화폐 개발 경력자,휴먼디지털 서울,,"업체 업무내용 - 비트코인,알트코인 등 가상화폐 개발 - C++,Python 등 프로그램 개발 자격조건 - 가상화폐 개발 경력자 - C++,Python 등 개발경력 2년 이상 - 4년제 대졸 이상 - 블록체인 개념 이해자..."
https://kr.indeed.com/viewjob?jk=9c94a6b9980cb866,"앱개발자(Android, IOS) 자체개발한 건설관련 스마트 안전앱 연구...",피식스컨설팅 서울 금천구,,트엔드|인터넷·IT·통신·모바일·게임>웹프로그래머>JSP|인터넷·IT·통신·모바일·게임>웹프로그래머>.NET|인터넷·IT·통신·모바일·게임>웹프로그래머>Python|인터넷·IT·통신·모바일·게임>통신·모바일>전자태그(RFID)
https://kr.indeed.com/viewjob?jk=d6a2c8d60ad1662c,SW전문위원(20년 이상) 및 해외영업 과차장급 컨설턴트(경력 7년 이상...,한국컨설팅산업협회 서울 강남구,,인터넷·IT·통신·모바일·게임>웹프로그래밍>JAVA|인터넷·IT·통신·모바일·게임>웹프로그래밍>.NET|인터넷·IT·통신·모바일·게임>웹프로그래밍>HTML·DHTML|인터넷·IT·통신·모바일·게임>웹프로그래밍>Python
https://kr.indeed.com/viewjob?jk=ea7a7ab6e15151c1,WaveBridge BackEnd Developer 경력직,웨이브릿지 서울 강남구,,"적인 사고 및 알고리즘을 좋아하시는 분 Java, Spring 및 Design Pattern 에 대한 이해 Python 데이터 분석 및 웹개발 경험 RESTful API 서버에 대한 이해 및 구현 능력 기본적인 SQL문 작성..."
https://kr.indeed.com/viewjob?jk=527ede840149154c,가상화폐 프로그래머,휴먼디지털 서울,,"비트코인,알트코인 등 가상화폐 개발 - C++,Python,Java 등 프로그램 개발 자격조건 - 비트코인,알트코인 등 가상화폐 개발 가능자 - C++,Python,Java 등 프로그램 개발 경력 2년 이상자 - 가상화폐..."
https://kr.indeed.com/viewjob?jk=f6fe4d192f210bc7,퀀트 개발자 (Quant Developer),ATZ Inc. 서울,"연봉 30,000,000원 - 40,000,000원",any... following languages. (C/C++/C#/Python/Java/Node.js)* Experience with R... languages) C/C++/C#/Python/Java R/Excel...
https://kr.indeed.com/viewjob?jk=7b96b63ac704d98a,AI Scientist - Symbolic AI (Natural Lang...,MIND AI 서울,"연봉 60,000,000원 - 100,000,000원","relation frameworks * Experience in programming in Perl, Python, or another scripting language * Experience in using grammars..."
https://kr.indeed.com/viewjob?jk=2bdd2465542edd04,Computational Linguist - AI (Natural Lan...,MIND AI 서울,"연봉 60,000,000원 - 100,000,000원","relation frameworks * Experience programming in Perl, Python, or another scripting language * Experience in using grammars..."
https://kr.indeed.com/viewjob?jk=67503f27b0365593,인간중심 지능형 시스템 연구실 시간제 연구원,광주과학기술원 광주 북구,,"우대사항 ① 국가보훈대상자(취업보호대상자) 및 장애인은 관련 법령에 의거하여 우대 ② 이외 개발언어 (Python, C++, JAVA, MFC, QT 등) 기반 SW(앱/웹 포함) 개발 가능자 ③ 인간대상연구 경험자..."
https://kr.indeed.com/viewjob?jk=5f3b7800e776da58,Senior Business Analysis (Strategic Plan...,Coupang 3.0 서울,,"e-commerce and other internet-based industries; retail -SQL, Python experience is a plus -Experience with Tableau also a plus..."
https://kr.indeed.com/viewjob?jk=4206cd042c6633c1,Software Engineer - Seoul,"Moloco, Inc. 서울",,techniques and tools. Current stack uses Google Tensorflow and Python scikit-learn framework. Qualifications · Excellent...
https://kr.indeed.com/viewjob?jk=9674fb33a257bc84,Software Engineer,ODK Media Inc 서울 강남구,,applications; ability to design and develop applications using Python and Django. Solid hands-on experience with AWS cloud...
https://kr.indeed.com/viewjob?jk=e0697f11b625bbd8,2020년 제1회 공무직 근로자 연장,기상청 제주도 제주,,"포함 ㅇ 우대조건 - 관련분야 석사 학위 이상 소지자 - 기상기사, 전산 관련 자격증 소지자 - Python, Fortran 유경험자 국가태풍센터 (제주) 1명 ※ 대기과학 관련학과 : 기상학, 물리학, 전자..."
https://kr.indeed.com/viewjob?jk=83883bfd1f662d69,Data Scientist,Terra 서울,,"skills in a scientific computing language, preferably Python or R Experience working with data science tools... numpy..."
https://kr.indeed.com/viewjob?jk=a6a4b500fa0340d4,"Director, Software Engineering (Coupang...",Coupang 3.0 서울,,"programming language... Java, JavaScript, Scala, Kotlin, or Python * Excellent written and verbal communication skills..."
https://kr.indeed.com/viewjob?jk=65232d6e37b8f7fb,주니어 데이터 엔지니어 / Junior Data Engineer,Bagelcode 서울,,일관성을 보장할 수 있는 시스템 연구 및 개발 [업무 내용] - Python과 Airflow를 이용한 데이터 파이프라인 개발 - Spark와... 본적인 전산 지식에 대한 이해 - Python / Java / Scala...
https://kr.indeed.com/viewjob?jk=404ca05b36be1e83,WebRTC UC & Collaboration Developer,Ericsson 서울,,"Linux, JavaScript, React.js, React Native, Node.js, Docker, Python, WebRTC Media, Low-level Media API, RESTful Test-Driven..."
https://kr.indeed.com/viewjob?jk=872e4ef109d7872a,Data Analyst (FC & Transportation),Coupang 3.0 서울,,"analysis experience * One who has experience with SQL, Excel, Python, and R/SAS or any statistical package Preferred: * One..."
https://kr.indeed.com/viewjob?jk=23fe4d19b9289ff5,System Engineering인턴 (전환형),한국알테어 성남 판교동,,"Python사용가능자 -Linux사용 가능자 4. 우대사항 -Job scheduling solution 사용자 우대 -HPC management 경력 우대 근무 형태: 정규직, 인턴 면허: * Python (필수)"
https://kr.indeed.com/viewjob?jk=89a689a00d8170bc,Core Researcher,Terra 서울,,blockchain Proficient at probabilistic modeling and scripting (Python/R) Fluency in game theory and mechanism design a plus...
https://kr.indeed.com/viewjob?jk=25432db13648cddc,"컨설팅회사 분야별(PMO,PI,ISP, Data Analytics등)컨설...",글로벌 메이저 컨설팅회사 서울 여의도역,"연봉 60,000,000원 - 150,000,000원","7년 이상15년 이하 응시자격 : - 산업공학, 통계학, 전산학, 경영학, 기타 유사 전공 선호 - 분석(R, Python, SAS, JAVA 등), 시각화(Spotfire, Tableau, Qlik 등), SQL 등 각종..."
https://kr.indeed.com/viewjob?jk=0bbd3c4da4852f79,국내 메이저 SI기업 Data Scientist (제조) 포지션,국내 리딩 SI솔루션 기업 서울 송파구,"연봉 70,000,000원 - 150,000,000원",제조 Industry에서의 Data 분석/통계 분석 모델링 2년 경험 R/SAS/SPSS/Matlab/Python(종류무관) 중 분석 Tool 중 1개 이상 활 용 역량 우대 Machine Learning 및 Data...
https://kr.indeed.com/viewjob?jk=c71ce259812f9497,국내 리딩 SI 솔루션 기업 Data Scientist (제조)포지션AS...,국내 리딩 SI솔루션 기업 서울 강남구,"연봉 70,000,000원 - 150,000,000원",제조 Industry에서의 Data 분석/통계 분석 모델링 2년 경험 R/SAS/SPSS/Matlab/Python(종류무관) 중 분석 Tool 중 1개 이상 활 용 역량 우대 Machine Learning 및 Data...
https://kr.indeed.com/viewjob?jk=5f38a43d8ddd4977,국내 CRM 분석,인코리아 프로페셔널(헤드헌팅) 서울 강남구,"연봉 48,000,000원 - 70,000,000원","온라인/오프라인 SQL 데이터 추출 및 분석 - 고객 타겟팅 및 CRM 캠페인 운영 (eDM, mDM) - Python, R 등을 활용한 데이터 고급 분석 • 자격요건 - 학력 : 대졸이상 - 경력 : 경력 4~15년..."
https://kr.indeed.com/viewjob?jk=e5c63f4e86ceefda,Technical Writer,SendBird 서울,,"following languages; Objective-C, Java, Swift, JavaScript, and Python ABOUT SENDBIRD... SendBird... world..."
https://kr.indeed.com/viewjob?jk=78d1ec77f4a5e0dc,기후 분석&모델링연구실 시간제연구원,광주과학기술원 광주 북구,,"수행 ① 국내외 4년제 대학교 환경공학관련분야 학사 이상 학위소지자로서, ② Fortran, GrADS, python 중 1개 이상의 프로그램 언어 사용 가능자 우대사항 ① 국가보훈대상자(취업보호대상자) 및 장애인은..."
https://kr.indeed.com/viewjob?jk=0b9eab5a06cdaf38,반도체 응용기술 엔지니어,반도체 팹리스 서울 강남구,,board 회로작업 및 artwork (PAC6/ORCAD) - Iabview program 사용가능자 - Python program 사용가능자 • 접수방법 1. 이력서(사진첨부 / 연락처 및 희망 연봉기재) 2. 자기...
https://kr.indeed.com/viewjob?jk=ec013d07353abed4,웹 프론트엔드 개발,(주)로켓츠게임즈 안양 동안구,,"모니터링 자격요건(백엔드) ・웹 프론트엔드 실무 경력자 (5년 이상) ・PHP, Node.js, Python, Java 등의 언어에 하나 이상 익숙하신 분 ・MVC framework 기반의 웹 어플리케이션 또는..."
https://kr.indeed.com/viewjob?jk=81848f01b547f90b,주니어 데이터 사이언티스트 / Junior Data Scientist,Bagelcode 서울,,"CS, 통계, 수학 및 그에 준하는 학위를 가지고 있거나 해당 분야에서 학업을 수행하시는 분 - SQL / Python / R 등 데이터 분석 업무를 수행할 수 있는 하나 이상의 개발 언어 유경험자 - 통계 지식에 대한..."
https://kr.indeed.com/viewjob?jk=5e607a97561bd503,[연수연구원] 정보전자연구소 연수연구원,카이스트 4.3 대전 유성구,,"딥러닝 프레임워크 (Caffe, Tensorflow, CNTK) 구축 관련 전문적인 연구 경험자 - Python / CUDA / OpenCL 기반의 딥러닝 라이브러리 개발 및 구현 경험자 3. 응시방법 및 기간 응시방법..."
https://kr.indeed.com/viewjob?jk=dc821489255954fd,Developer Advocate,SendBird 서울,,"technologies: Objective-C, Java, Swift, JavaScript, and Python * Strong written and verbal English skills BONUS POINTS..."
https://kr.indeed.com/viewjob?jk=44b499d50da9ea4c,산업솔루션 Data Scientist (lead),외국계 산업장비 솔루션 성남 분당구,,"top of large datasets. . familiar working with R and Python, but you can also highlight the needs for more dedicated..."
https://kr.indeed.com/viewjob?jk=4eca878de9cc08d8,Senior Robotics Software Engineer,BearRobotics 서울,,"related field Proficiency in Linux Experts in C++ and Python Preferred Experience: ROS, navigation stack, robotic control..."
https://kr.indeed.com/viewjob?jk=aefb647f9116ad28,Field Service Engineer,Novetta 서울,,"Experience with system administrative scripting. (bash, Python, etc) * Experience with modern server deployment techniques..."
https://kr.indeed.com/viewjob?jk=2485e93043545d8a,인간중심 지능형 시스템 연구실 위촉연구원,광주과학기술원 광주 북구,,"및 인간 대상 연구 수행) 공학 학사학위 이상 C#기반 SW개발 가능자 우대사항 ① 이외 개발언어 (Python, C++, JAVA, MFC, QT 등) 기반 SW(앱/웹 포함) 개발 가능자 ② 인간대상연구 경험자..."
https://kr.indeed.com/viewjob?jk=86cda25730ac8b95,국내 리딩 SI 솔루션 기업 Data Scientist 포지션ASAP,국내 리딩 ISI 솔루션 기업 서울 강남구,"연봉 70,000,000원 - 150,000,000원","학습 분석 툴(R, Python)와 소프트웨어(Python, java)등을... 로그래밍 툴 및 언어 익숙함 (Python, Java, Scala) - 빅데이터 툴 (Spark, Hadoop, Hive, Python) 경험 우대..."
https://kr.indeed.com/viewjob?jk=b06176c3a7092e0a,Customer Facing Data Scientist,Ever Better Recruitment (EBR) 서울,,ensure appropriate communication Experience in R or Python analysis Up to 50% off-site visits English ability to perform...
https://kr.indeed.com/viewjob?jk=8b29e16a2f9665f2,"Principal, Strategic Planning",Coupang 3.0 서울,,"commerce and other internet-based industries; retail * SQL, Python experience is a plus * Experience with Tableau also a plus..."
https://kr.indeed.com/viewjob?jk=eee7b30e222484ca,"Director, Business Analysis (Search and...",Coupang 3.0 서울,,"clear and concise manner * Has experience with SQL, Excel, Python, and R/SAS or any statistical package * Has experience..."
https://kr.indeed.com/viewjob?jk=8d0b3a79363b5a69,Tech Business Analyst (Search and Discov...,Coupang 3.0 서울,,"equivalent experience * Has experience with SQL, Excel, Python, and R/SAS or any statistical package * Has experience..."
https://kr.indeed.com/viewjob?jk=253fed18b776739f,[연수연구원] 정보전자연구소 연수연구원(전자파집적시스템 연구실),카이스트 4.3 대전 유성구,,"쇄기를 이용한 누설 신호 상쇄기 설계 및 측정 경험자 우대 RF 회로 설계자동화를 위한 프로그래밍 (C, Python, etc.) 가능자 우대 3. 응시방법 및 기간 응시방법 지정 양식 작성하여 이메일로 제출 이메..."
https://kr.indeed.com/viewjob?jk=794e209e405f4fc0,지스트 블록체인경제센터(강남소재) 계약직연구원,광주과학기술원 광주 북구,,구직 명 블록체인 개발 블록체인 경제 블록체인 하드포크 1) SW프로그래밍 제작 경험자 2) Python/C/Java/Go 프로그래밍 가능자 우대사항 ① 국가보훈대상자(취업보호대상자) 및 장애인은 관련 법령...
https://kr.indeed.com/viewjob?jk=674370fd38bce0dd,지스트 블록체인경제센터(강남소재) 계약직(연구원),광주과학기술원 광주 북구,,블록체인 경제 블록체인 하드포크 1) 4년대 대학 이상 졸업자 2) SW프로그래밍 제작 경험자 3) Python/C/Java/Go 프로그래밍 가능자 우대사항 ① 국가보훈대상자(취업보호대상자) 및 장애인은 관련 법령...
https://kr.indeed.com/viewjob?jk=7268328c0d71d81c,Junior Full-Stack Developer,Asiance 서울,,"React 혹은 WordPress 등의 CMS도 사용. • Python, Node.js, Java, PHP for backend development. • Python, Node.js, Java, PHP 등을 사용하여 백엔드..."
https://kr.indeed.com/viewjob?jk=3e80435be74cd28f,블록체인인터넷경제연구센터 위촉연구원,광주과학기술원 광주 북구,,업무) 지원자격 연구직 O명 블록체인 연구 및 프로그래밍 제작 1) SW프로그래밍 제작 경험자 2) Python/C/Java/Go 프로그래밍 가능자 3) 블록체인 개발 경험자 우대 4) 컴퓨터공학 및 컴퓨터사이...
https://kr.indeed.com/viewjob?jk=f319a4bbf0f821a8,2020년 제1회 예보국 공무직 근로자,기상청 서울,,"석사 학위 이상 소지자 - 기상기사, 전산 관련 자격증 소지자 - Python, Fortran 유경험자 국가태풍센터 (제주) 1명 태풍... 전산 관련 자격증 소지자 - Python, Fortran 유경험자 국가..."
https://kr.indeed.com/viewjob?jk=a7c68eba65a950aa,지스트 블록체인경제센터 계약직연구원,광주과학기술원 광주 북구,,구직 1명 블록체인 개발 블록체인 경제 블록체인 하드포크 1) SW프로그래밍 제작 경험자 2) Python/C/Java/Go 프로그래밍 가능자 우대사항 ① 국가보훈대상자(취업보호대상자) 및 장애인은 관련 법령...
https://kr.indeed.com/viewjob?jk=94f2bbbeb53f3458,Database Engineer (Storage Platform),Coupang 3.0 서울,,"컴퓨터 공학 또는 관련 분야 학사 학위 소지자 우대 사항: * 프로그래밍 및 스크립트 스킬 (bash, Python, Java, Go 선호) * 다양한 종류의 데이터베이스 경험 ( MySQL, PostgreSQL,SQL..."
https://kr.indeed.com/viewjob?jk=7e69dab7e1907f0c,[대기업]System Architecture(시스템 엔지니어)대리 ~ 차...,인코리아 서울,,운영 6년이상 경험 - AWS Cloud 환경 구축/운영 경험 - Linux 환경 오픈소스 솔루션 경험 - Python - Technical Architecture 이해 - IT인프라 Architecture Presales...
https://kr.indeed.com/viewjob?jk=77d8e0149dad533b,블록체인인터넷경제 연구센터 위촉연구원,광주과학기술원 광주 북구,,구직 명 블록체인 개발 블록체인 경제 블록체인 하드포크 1) SW프로그래밍 제작 경험자 2) Python/C/Java/Go 프로그래밍 가능자 우대사항 ① 국가보훈대상자(취업보호대상자) 및 장애인은 관련 법령...
https://kr.indeed.com/viewjob?jk=d425b24146af3fa1,지구·환경공학부 환경시스템공학 연구실 위촉연구원,광주과학기술원 광주 북구,,"험수행 ① 국내외 4년제 대학교 환경공학관련분야 학사 이상 학위소지자로서, ② MATLAB, R, 그리고 Python 중 1개 이상의 프로그램 언어를 다룰 줄 알며, ③ 공고일 기준 2년 이내 아래의 공인영어성적 소지자..."
https://kr.indeed.com/viewjob?jk=87668d9fb1dbcb2e,개발팀장 (의료영상 기반 상용 SW),애니메디솔루션 주식회사 서울 송파구,,전공자 - Python / Django / Flask 경험 3년 이상 - AWS / Azure 등 IAAS 활용 경험자 - 상용 web application 배포 & 운영 유경험 우대사항 - Python / Django...
https://kr.indeed.com/viewjob?jk=5a0b53c0cc23d9a7,"Senior, Database Engineer (Storage Platf...",Coupang 3.0 서울,,"스크립트 스킬 (bash, Python, Java, Go 선호) * 다양한... Programming and scripting skills (bash, Python, Java, Go preferred) * Experience..."
https://kr.indeed.com/viewjob?jk=4a94f2401f999ab6,Data Analyst,"Miso, inc 서울",,"services written in Python, Ruby, Node... Adobe, Zeplin * Data Science: Go, Python * Collaboration tools: Gitlab, Slack..."
https://kr.indeed.com/viewjob?jk=b8e67dbfa474f096,() Automotive 반도체 연구 개발 및 지원(FAE) 업무 - 상...,넥스트칩 성남 분당구,,Deep Learning에 대한 지식 3) 담당업무 - ADAS 알고리즘 개발 4) 우대사항 - PYTHON - Deep Learning 관련 경험자 우대 - Deep Learning framework...
https://kr.indeed.com/viewjob?jk=615168b399422305,Software Engineer - Back-end Web,SendBird 서울,,maintaining back-end web applications * Proficient in Python and Django or equivalents * Expert level knowledge of running...
https://kr.indeed.com/viewjob?jk=9a44a1a18ab4635c,Cloud Security Engineer,SendBird 서울,,"one or more scripting/coding languages (e.g. bash, Python) * Experience of setting up security policy and documentation..."
https://kr.indeed.com/viewjob?jk=7d61ad4e8b48d8aa,"Principal, Business Analyst (Site Mercha...",Coupang 3.0 서울,,"빅데이터 기술 활용 경험 및 지식이 있으신 분 (Hive/Hadoop, Presto, Spark 등) * Python, R 등 통계 분석용 소프트웨어 활용 경험이 있으신 분 * 통계/수학/컴퓨터공학/재무 관련 분야의 학사..."
https://kr.indeed.com/viewjob?jk=ceb5767265ef5920,빅데이터 경력자 채용,머신비전/인공지능/검사장비/로봇 분야 핵심기술 보유기업 화성 화성시,,"nosql, inmemory cache 등) \*다양한 딥러닝 프로젝트를 주도적으로 진행한 경험 \*python/c/c++ 능통자 \*데이터 엔지니어링 실무 경험 3. 우대사항 - 라눅스 활용 경험자 - 네트워크, 웹..."
https://kr.indeed.com/viewjob?jk=57eb792f16ab3601,금융대기업 Data Scientist 채용 (선임~수석),금융대기업 서울,,2.경력: - 관련분야 실무경력 2년이상자 (경력 2년~15년) - 데이터분석/모델링을 위한 언어(R/Python 등) 역량 [우대사항] ㆍ금융 데이터 분석 경험 ㆍ고급통계 분석 알고리즘 이해 및 활용 능력 보유...
https://kr.indeed.com/viewjob?jk=7a08f5e589b10a00,"Senior, Software Engineer (Search Qualit...",Coupang 3.0 서울,,"설계, 분산환경에서 3년 이상의 실무 경험 * Java, Scala, Python 등의 객체 지향 언어에서 3년 이상의 실무 경험 * Hadoop... Java, Scala, Python * Data processing..."
https://kr.indeed.com/viewjob?jk=90d6728c4bee5b37,"Senior, Software Engineer (Recommendatio...",Coupang 3.0 서울,,"구축 자격 요건: * 컴퓨터 공학 관련 분야 학사 * Java, Python을 사용하여 단위 테스트 및 통합 테스트를 통해 탄탄하고 효율적인 프로... code using Java, Python with unit test..."
https://kr.indeed.com/viewjob?jk=dcbce45dbe2d3679,Senior Full-Stack Developer,Asiance 서울,,"React 혹은 WordPress 등의 CMS도 사용. • Python, Node.js, Java, PHP for backend development. • Python, Node.js, Java, PHP 등을 사용하여 백엔드..."
https://kr.indeed.com/viewjob?jk=bfee747ee084b019,[수시] ESTsecurity 웹프론트 개발 (경력),이스트소프트 서울 서초구,,"개발하시는 분 - Javascript 이외의 개발언어 활용이 가능하신 분 (Typescript, Python, Java 등) - 백앤드 서비스, DB(RDBMS, NoSQL)에 대한 이해와 경험이 있으신분 - Git..."
https://kr.indeed.com/viewjob?jk=4baef3431a39f0c4,[수시] ESTsecurity 서버 백엔드 개발 (경력),이스트소프트 서울 서초구,,"CD에 대한 이해가 있으신 분 - Java 이외의 개발언어 활용이 가능하신 분 (JavaScript, Python, Shell Script 등) - Git, Github, GitLab등의 형상관리 툴을 활용해 보신 분..."
https://kr.indeed.com/viewjob?jk=ca65b82e46e0abd2,영상처리 ( 머신비전 ) 알고리즘 및 응용SW 개발,머신비전/인공지능/검사장비/로봇 분야 핵심기술 보유기업 화성 화성시,,"경험자 - 반도체, 디스플레이, 자동차, 2차전지 검사 알고리즘 개발 경험자 - c/c++, java, python/tensorflow/caffe 사용 가능자 - OpenCV, Cognex, Metrox 유경험자 - GPU..."
https://kr.indeed.com/viewjob?jk=4639db660bb6e345,Cloud Infrastructure (DevOps) Engineer,SendBird 서울,,"role * Strong scripting and (e.g. Python) and automation skills * Experience... Understanding of Python, Java, and Event..."
https://kr.indeed.com/viewjob?jk=2f440d08c013f03d,대기업 DBA 경력자 채용 (대리과장급),차량IT 전문 기업 (대기업) 서울,,"tibero, mysql, sql server, postgresql [우대역량 및 경험] - R, Python, 머신러닝, 딥러닝 등 통계/분석 역량 - 데이터분석 경험 - 빅데이터 플랫폼 구축 / 운영 경험 - DA..."
https://kr.indeed.com/viewjob?jk=6fa31548457952c0,딥러닝/머신러닝 기반 알고리즘 개발 및 모델링,머신비전/인공지능/검사장비/로봇 분야 핵심기술 보유기업 화성 화성시,,"광학계 개발 경험자 - RBM/DBN/CNN/RNN 등 딥러닝 이론 및 알고리즘 유경험자 - c/c++, java, python/tensorflow/caffe 사용 가능자 - OpenCV, Cognex, Metrox 유경험자..."
https://kr.indeed.com/viewjob?jk=2b8a63d6cc91a04c,Principal Business Analysis (Growth Mark...,Coupang 3.0 서울,,"related field * Business-level experience with R, Python, or Scala * Experience owning the analytics and performance..."
https://kr.indeed.com/viewjob?jk=f10477b81840d778,데이터 분석가 / Business Analyst,Bagelcode 서울,,중독자 [우대 사항] - Tableau 등 시각화 툴을 활용한 대시보드 설계 및 운영 경험 - SQL / Python / R 등 데이터 분석 업무를 수행할 수 있는 하나 이상의 개발 언어 유경험자 - 비즈니스 레벨 이상의...
https://kr.indeed.com/viewjob?jk=f915f667e4052f91,Back-end Engineer,Terra 서울,,"고민 우대사항 Language: JavaScript, TypeScript, Go, Rust, Python Database: PostgreSQL, Redis, ElasticSearch Cloud Infrastructure..."
https://kr.indeed.com/viewjob?jk=9eeeffa9f171f32b,대기업 검색엔진 개발 (대리과장급),차량IT 전문 기업 (대기업) 서울,,"정보검색에 대한 경험 보유 [기술스택] - OS : linux - 언어: java, scala, python, c++ 중 하나 이상의 언어 능숙자 - 프레임워크: spring boot - tool : Intellij..."
https://kr.indeed.com/viewjob?jk=f79f6cd3e91fcc1a,"Principal, Data Engineer (EDW Data Proce...",Coupang 3.0 서울,,"능한 최적화된 솔루션 제공 자격 요건: * 학사 이상 학위 소지자 * Python, Java 혹은 Scala를 이용한 개발 경험 5년 이상, 또는... development using Python, Java or Scala..."
https://kr.indeed.com/viewjob?jk=80d3108dade97b0f,Back-end Developer,"Miso, inc 서울",,"함께하고 싶습니다] * 백엔드 개발 경력 3년 이상 * Ruby, Python, Go, Node.js 중 하나 이상의 언어에 능숙하신 분 * 새로운... Data Science: Go, Python * Collaboration..."
https://kr.indeed.com/viewjob?jk=9f7d7cbe5e172a01,Front-end Developer,"Miso, inc 서울",,"HTML에 대한 이해가 깊은 분 * Golang, Node.js, Python, or Ruby 중 프로그래밍 언어 사용 가능하신 분 * 새로운 기술에... Data Science: Go, Python * Collaboration..."
https://kr.indeed.com/viewjob?jk=50d0ae3f24a94532,"로봇관련, R&D_로봇 Skill 개발",4차산업 공장 자동화 기기 및 소프트웨어 경기도 수원,,"용한 장치 인터페이스 관련 지식 (우대) - 로봇 모션 및 힘 제어 알고리즘 개발 지식 - 프로그래밍 스킬(Python 필수, C++우대, Java 우대) - 기계/메카트로닉스 공학 계열의 4년제 대졸 학사 이상 - 경력 3..."
https://kr.indeed.com/viewjob?jk=f5db97b4d95cbc04,VP of Engineering,"Miso, inc 서울",,"Golang, Node.js, Python, or Ruby 프로그래밍 언어... Adobe, Zeplin * Data Science: Go, Python * Collaboration tools: Gitlab, Slack..."
https://kr.indeed.com/viewjob?jk=79da9b878d3d8709,저축은행 다이랙트마케팅팀 데이터분석,국내자본 저축은행 서울 구로구,,"Insight 도출 업무 ex) R, Python 등 고급 분석 Tool을... 이상 우대) - 데이터사이언스, 컴퓨터공학, 수학/통계학 전공 - R/Python 활용 중급 이상 *우대사항 : 데이터분석 관련 자격증(ADSP) 등..."
https://kr.indeed.com/viewjob?jk=d24428ed26f0b058,디지털LAB 신기술파트,국내자본 저축은행 서울 구로구,,"[담당업무] 쳇봇, STT/TA/TTS, AI 일반 [자격요건] 4년제 정규 대졸 이상 Java, Python 프로그램 사용 가능 머신러닝(Tensorflow, DL4, Caffe,Theano) 프레임워크 기반 개발 능력 보유..."
https://kr.indeed.com/viewjob?jk=a58b91ab3d74f02d,저축은행 디지털 LAB,국내자본 저축은행 서울 구로구,,"석을 통한 개선안 도출 [자격요건] - 4년제 정규 대졸 이상, 경력 2~7년 정도 - 통계프로그램(R,Python)을 활용한 데이터분석 프로젝트 수행 경험자 - 통계와 머신러닝에 대한 지식 보유자 - SQL 가능자 - 분석..."
https://kr.indeed.com/viewjob?jk=0ab285258b1cb206,저축은행 앱마케팅팀 데이터분석,국내자본 저축은행 서울 구로구,,"실무 적용 - BI Tool 기반 KPI 자동화 및 데이터 시각화 [자격요건] - SQL 사용 가능 - Python or R 사용 가능 - 태블로 사용 우대 - 금융사 경력 우대 - 긍정, 열정, 탐구적인 자세 [전형절차..."
https://kr.indeed.com/viewjob?jk=0df2999925f12355,Sr. Back-end Engineer (Query Understandi...,Coupang 3.0 서울,,"범용 프로그래밍 언어 (Java, Python and C/C++)를 사용한... purpose programming languages (Java, Python and C/C++) * Experience in building..."
https://kr.indeed.com/viewjob?jk=754348a9c3f08d66,Full Stack Developer,"Miso, inc 서울",,"분과 함께하고 싶습니다] * 개발 경력 3년 이상 * Ruby, Python, Go, Node JS 중 하나 이상의 언어에 능숙하신 분 * Ruby... Data Science: Go, Python * Collaboration..."
https://kr.indeed.com/viewjob?jk=315c65b8337d3e7a,React Native Developer,"Miso, inc 서울",,"Golang, Node.js, Python, or Ruby 중 프로그래밍... Adobe, Zeplin * Data Science: Go, Python * Collaboration tools: Gitlab, Slack..."
https://kr.indeed.com/viewjob?jk=7772fd53bc80acde,Senior Business Analyst (Retail Program...,Coupang 3.0 서울,,ecommerce or internet services business * Experience with Python is a plus * Experience with financial modeling/forecasting...
https://kr.indeed.com/viewjob?jk=1622a08497f8c091,Data Scientist,에너지 거래소 및 에너지데이터 중개 서울,,"금융공학 연구팀과 협업 [자격요건] -유관업무 경력3년 이상 -통계 및 최적화이론, 인공지능모델을 R, Python으로 구현 및 분석 능력 -석사이상 선호 [우대사항] -새로운것을 배우는것에 익숙하며 효율적이며 긍정적인..."
https://kr.indeed.com/viewjob?jk=9cd311595b3e4bea,저축은행 소비자금융 Data Science,국내자본 저축은행 서울 구로구,,"분석 [자격요건] - 4년제 정규 대졸 이상 - 통계, 수학, 산업공학 전공자 - 통계프로그램(SAS, R, Python) 활용가능자 및 석사 이상 - 소비자금융 관련업 경력자 우대 [전형절차] 서류, 면접 2회 [제출서류..."
https://kr.indeed.com/viewjob?jk=cdf617324298bb9d,저축은행 소비자금융 Data Science 팀,국내자본 저축은행 서울 구로구,,"4년제 정규 대졸 이상 - 통계, 수학, 산업공학 전공자 (석사 이상 우대) - 통계프로그램(SAS, R, Python) 활용가능자 - 소비자금융 CSS모델링 관련 업무 경력 2년 이상 [전형절차] 서류, 면접 2회 [제출서..."
https://kr.indeed.com/viewjob?jk=e0751dcb592aa9cc,ICT 서비스본부 디지털LAB,국내자본 저축은행 서울 구로구,,"패키지 구사 능력 - R, SAS, SPSS, S-PLUS 등 통계분석 솔루션 경험(필수) - R, Python, 시각화 툴(Sporfire, Tableau 등) 능숙자 우대 (2) 지식 및 경험 - 통계분석/Maching..."
https://kr.indeed.com/viewjob?jk=27352452ed0a0ea9,Senior Back-end Developer,Asiance 서울,,"deployment. • 배포는 주로 Docker 사용. • PHP, Python for backend development. • PHP, Python 등을 사용하여 백엔드 . • MySQL for structured..."
https://kr.indeed.com/viewjob?jk=485b1cd148dc524a,Data Scientist,해외송금 전문업체 서울 강남구,,"유지보수 - 데이터 시각화 [ 자격요건 ] - 경력 2~4년차 - SQL 사용이 능숙하신 분(필수) - R, Python 등을 이용한 분석 경험 [ 우대사항 ] - 빅데이터 및 금융데이터 분석 및 예측 - 통계학 전공자..."
https://kr.indeed.com/viewjob?jk=2cca42ee0951d4be,"Principal, Business Analysis (Coupang Ea...",Coupang 3.0 서울,,"SQL, Excel, Python, and R/SAS or any... 학사 혹은 해당 분야에서 그에 준하는 경험 * SQL, Excel, Python, R/SAS 등 통계 분석용 소프트웨어 활용 경험 * Hadoop..."
https://kr.indeed.com/viewjob?jk=51dcabafcf7a0bb0,저축은행 디지털뱅킹팀 데이터분석,국내자본 저축은행 서울 구로구,,"정규 대졸 이상 - 데이터분석 경력 3년 이상 - 실제 서비스 데이터를 이용한 분석모델 개발 경험 - R, Python, SQL 등 데이터 분석의 업무를 수행할 수 있는 하나 이상의 개발 언어에 숙달 <우대사항> - 해당..."
https://kr.indeed.com/viewjob?jk=509e7ab10e54f962,디지털마케팅본부 수신상품 기획 및 전략수립 경력자,국내자본 저축은행 서울,,"수립(채널별 고객맞춤별 상품개발) [자격요건] - 4년제 정규 대졸 이상 - 통계 프로그램(SAS, R, Python) 활용 가능자 - 상품기획 및 전략수립 경력 2년 이상 - 금융권 업무 경험자 [전형절차] 서류, 면접 2..."
https://kr.indeed.com/viewjob?jk=7376f377161ea4f2,저축은행 소비자금융본부 Data Science 팀,국내자본 저축은행 서울 구로구,,"향구성 [자격요건] - 4년제 정규 대졸 이상 (통계, 수학, 산업공학 전공자 우대) - 통계프로그램(R, Python) 및 엑셀 활용가능자 - CSS운영 관리 경험자 [전형절차] 서류, 면접 2회 [제출서류] 이력서, 경력..."
https://kr.indeed.com/viewjob?jk=e58c6fe6fd87f03e,Operations Associate (운영팀원) - 한국,Beam 서울,,"business content • Proficiency in SQL, Python, R, GIS is advantageous 자격요건 • 학사학위... 완전한 문서 번역 가능 • SQL, Python, R, GIS 숙련자 우대..."
https://kr.indeed.com/viewjob?jk=33fbfcd01ae23602,시스템 프로그래머,에너지 거래소 및 에너지데이터 중개 서울,,"웹서비스 구현 [자격요건] -네트워크 개발 경험 -웹 백앤드 서비스 개발 경험 -Python, Node.js 숙련 [우대사항] -Python 웹 플랫폼(asyncio 이용) 개발 경험 -Modbus, CAN, Socket..."
https://kr.indeed.com/viewjob?jk=35cefd4d91c7b366,저축은행 앱마케팅팀,국내자본 저축은행 서울 구로구,,Adbrix 등) - SQL 사용 가능 - 경력 3년~7년 - 개발자와의 원활한 커뮤니케이션 <우대사항> - Python or R 사용 우대 - 태블로 사용 우대 - Solution 도입 경험 우대 - 금융권 데이터 분석자...
https://kr.indeed.com/viewjob?jk=4504dad34421e282,서버 개발자,유명메신저회사 서울 강남구,,"서비스를 만들기 위해 노력하시는 분 [ 우대사항 ] - 확장성 있는 서버 아키텍처에 대한 이해 - Java, Python, Scala 를 이용한 개발 경험 - 오픈소스 활동 경험 - 채팅, RPC, WebRTC에 대한 경험..."
https://kr.indeed.com/viewjob?jk=53ced11b1e0addce,저축은행 디지털뱅킹팀 데이터분석 경력,국내자본 저축은행 서울 구로구,,"고객 분석, 마케팅 분석 - 마케팅 기획 및 실행조직과 협업 경험, 마케팅 데이터 모델링 개발능력 - R, Python, Tableau, SAS, Orange, SQL 등 데이터 분석의 업무를 수행 할 수 있는 개발 언어에..."
https://kr.indeed.com/viewjob?jk=8af16ddc1e1a33b3,DevOps 엔지니어(과장~차장급),TV홈쇼핑 성남 판교역,,"AWS 경험 2년 이상) - 퍼블릭 클라우드 구축 경험 - 다음 중 하나의 언어를 이용한 업무 자동화 기능 : Python, Node.js, Go - 클라우드 기반 시스템 구축 & 운영 자동화 경험 (Ansible, Chef..."
https://kr.indeed.com/viewjob?jk=a2089ff8a19a429f,Fullstack SW개발자,신재생에너지 분야 솔루션기업 성남 판교역,,"자격요건] -유관업무 경력 5년 이상 -Programmming Language : C/C++, Java, Python -데이터베이스 기초설계 및 연동 -웹기반 UI 개발 경험 [우대요건] -분산형 시스템 개발 경험 -AI..."
https://kr.indeed.com/viewjob?jk=89067ba5fc5296c0,Back-end Web Engineer,Success Korea 서울 서초구,,"엔드 서버의 배포 및 클라우드 환경에서의 운영을 담당 [자격요건] ? 3년 이상의 웹 백엔드 개발 경험 ? Python 및 Django 또는 이에 상응하는 개발 경험 ? 웹 개발 전체 프로세스(디자인, 설계, 구현, 테스트..."
https://kr.indeed.com/viewjob?jk=43bf0c7e2b10e9b5,Operations Manager (운영팀장) - 한국,Beam 서울,,"Knowledge of SQL, Python, R, GIS... 무엇이든 할 수 있다""는 태도 • 관련업계 경력자 우대 • SQL, Python, R, GIS 숙련자 우대 • 영어/한국어 능통자, 우수한 영어 말하..."
https://kr.indeed.com/viewjob?jk=caccb1d9be6bc918,운영(Business Operation Management) 경력자,유명메신저회사 서울 성동구,,"분 (특히 O2O나 모빌리티 분야) ? 데이터를 분석하고, 프로세스 개선에 적용할 수 있는 분(SQL, Python, R 등) [ 기타조건 ] - 경력 : 5년 이상 - 학력 : 대졸이상 - 채용조건 : 정규직 - 근무지..."
